serviceName,region,label
account-settings-airboard,hk,Service
account-settings-webapp,hk,Service
account-settings-webapp,sg,Service
account.AccountService,hk,Service
account.AccountService,sg,Service
accounting-jobs,hk,Service
accounting-jobs,sg,Service
accounting-oracle,hk,Service
accounting-oracle,sg,Service
accountingservice,hk,Service
accountingservice,sg,Service
accountingservice,unknown,Service
addfundsgraphql,hk,Service
addfundsgraphql,sg,Service
address-service,sg,Service
airboard-fraud-graphql,hk,Service
airboard-fraud-graphql,nl,Service
airboard-fraud-graphql,sg,Service
airboard-fraud-graphql,us,Service
airboard-ng-kyc-service,hk,Service
airboard-ng-kyc-service,sg,Service
airboard-ng-kyc-service,unknown,Service
airboard-ng-panopticon-graphql,hk,Service
airboard-ng-panopticon-graphql,sg,Service
airboard-ng-rfi-service,hk,Service
airboard-ng-rfi-service,sg,Service
airboard-ng-scale-service,hk,Service
airboard-ng-scale-service,unknown,Service
airboard-ng-workflow-service,hk,Service
airboard-risk-postmonitoring-graphql,hk,Service
airboard-risk-postmonitoring-graphql,sg,Service
airboard-rule-graphql,hk,Service
airboardng-api,alihk,Service
airboardng-api,sg,Service
airwallex-airboard-ng-auth-graphql-server,hk,Service
airwallex-airboard-ng-auth-graphql-server,sg,Service
airwallex-compliance-tm-manager,alihk,Service
airwallex-compliance-tm-manager,hk,Service
airwallex-compliance-tm-manager,sg,Service
airwallex-corpsite-cn-prod,hk,Service
airwallex-corpsite-prod,hk,Service
airwallex-corpsite-prod,sg,Service
airwallex-developer-site,hk,Service
airwallex-fileservice,alihk,Service
airwallex-fileservice,sg,Service
airwallex-product-docs,hk,Service
airwallex-tm-case-management,alihk,Service
airwallex-tm-case-management,sg,Service
airwallexpayclearing,sg,Service
airwallexpaygraphql,hk,Service
airwallexpayservice,hk,Service
airwallexpayservice,sg,Service
ali-prod-hk-airstream-api,hk,Service
ali-prod-hk-billing-center-publisher,hk,Service
ali-prod-hk-conversion-api,hk,Service
ali-prod-hk-conversion-monitor,hk,Service
ali-prod-hk-conversion-processor,hk,Service
ali-prod-hk-fx-dashboard-api,hk,Service
ali-prod-hk-fx-order-graphql-api,hk,Service
ali-prod-hk-gtpn-bridge,hk,Service
ali-prod-hk-notification-engine,hk,Service
ali-prod-hk-open-position-api,hk,Service
ali-prod-hk-order-api,hk,Service
ali-prod-hk-order-notifier,hk,Service
ali-prod-hk-order-processor,hk,Service
ali-prod-hk-order-triggerer,hk,Service
ali-prod-hk-pricing-api,hk,Service
ali-prod-hk-quote-api,hk,Service
ali-prod-hk-settlement-api,hk,Service
ali-prod-hk-timeseries-api,hk,Service
ali-prod-hk-trading-api,hk,Service
ali-prod-hk-wallet-event-listener,hk,Service
ali-prod-tk-airstream-api,tk,Service
ali-prod-tk-airstream-bridge,tk,Service
ali-prod-tk-apm-spot-price-aggregator,tk,Service
ali-prod-tk-apm-spot-price-calculator,tk,Service
ali-prod-tk-entrepot-blotter-stream,tk,Service
ali-prod-tk-entrepot-keeper,tk,Service
ali-prod-tk-execution-monitor,tk,Service
ali-prod-tk-execution-signaler,tk,Service
ali-prod-tk-fx-dashboard-api,tk,Service
ali-prod-tk-fx-event-demux,tk,Service
ali-prod-tk-fx-trading-event-purifier,tk,Service
ali-prod-tk-hedger,tk,Service
ali-prod-tk-jsb-ct-adapter,tk,Service
ali-prod-tk-ledger-feed,tk,Service
ali-prod-tk-liquidity-engine,tk,Service
ali-prod-tk-lp-price-publisher,tk,Service
ali-prod-tk-notification-engine,tk,Service
ali-prod-tk-position-adjustment-api,tk,Service
ali-prod-tk-position-adjustment-generator,tk,Service
ali-prod-tk-position-keeper,tk,Service
ali-prod-tk-position-reconciliation-service,tk,Service
ali-prod-tk-price-event-service,tk,Service
ali-prod-tk-price-monitor,tk,Service
ali-prod-tk-pricing-api,tk,Service
ali-prod-tk-pricing-engine,tk,Service
ali-prod-tk-quote-api,tk,Service
ali-prod-tk-ref-rates-feed,tk,Service
ali-prod-tk-ref-rates-feed-eu,tk,Service
ali-prod-tk-risk-monitor,tk,Service
ali-prod-tk-risk-order-api,tk,Service
ali-prod-tk-timeseries-api,tk,Service
ali-prod-tk-trade-event-service,tk,Service
ali-prod-tk-trade-event-transformer,tk,Service
ali-prod-tk-trading-api,tk,Service
ali-prod-tk-visa-fx-adapter,tk,Service
amazonpaymentproviderservice,hk,Service
amazonpsppenrollment,hk,Service
amazonpsppenrollment,sg,Service
api-integrations-prod,hk,Service
api-integrations-prod,sg,Service
apiaggregator,hk,Service
app-billing,hk,Service
app-billing,sg,Service
app-billing-api,hk,Service
app-billing-api,sg,Service
app-credit-validation-service,hk,Service
app-internal-treasury,sg,Service
app-liquidity-forecast,sg,Service
app-midas-api,hk,Service
app-midas-api,sg,Service
app-midas4awx-api,hk,Service
app-midas4awx-api,sg,Service
app-mirror,sg,Service
app-ocr-service,hk,Service
app-ocr-service,sg,Service
app-proteus,sg,Service
app-reconciliation,alihk,Service
app-reconciliation,sg,Service
appairboardapiservice,hk,Service
appairboardapiservice,sg,Service
appbankaccountverificationservice,hk,Service
appbankaccountverificationservice,sg,Service
appbatchpaymentservice,hk,Service
appbatchpaymentservice,sg,Service
appclientapiservice,hk,Service
appclientapiservice,sg,Service
appdirectdebitservice,hk,Service
appdirectdebitservice,sg,Service
appdraftpaymentservice,hk,Service
appdraftpaymentservice,sg,Service
appmhtreasuryservice,hk,Service
appmhtreasuryservice,sg,Service
appplatformservice,hk,Service
appplatformservice,sg,Service
apprefdataservice,hk,Service
approval-service,hk,Service
approval-service,sg,Service
approval.execution.v1.ApprovalExecutionService,hk,Service
approval.execution.v1.ApprovalExecutionService,sg,Service
approval.management.v1.ApprovalWorkflowConfigService,hk,Service
approval.management.v1.ApprovalWorkflowConfigService,sg,Service
approval.usertask.v1.ApprovalUserTaskService,hk,Service
approval.usertask.v1.ApprovalUserTaskService,sg,Service
apptencentrecon,alihk,Service
apptransactionservice,hk,Service
apptransactionservice,sg,Service
appvalidationservice,sg,Service
appwebappapiservice,hk,Service
appwebappapiservice,sg,Service
audienceservice,hk,Service
audienceservice,sg,Service
audit-log-service,hk,Service
audit-log-service,sg,Service
auth-api,hk,Service
auth-api,sg,Service
authorisation-service,hk,Service
authorisation-service,sg,Service
awx-account-service,alihk,Service
awx-account-service,nl,Service
awx-account-service,sg,Service
awx-account-service,unknown,Service
awx-account-service,us,Service
awx-account-service-local,alihk,Service
awx-account-service-local,sg,Service
awx-account-service-ro,alihk,Service
awx-account-service-ro,unknown,Service
awx-account-service-ro-local,alihk,Service
awx-account-service-ro-local,unknown,Service
awx-account-service-rw,sg,Service
awx-account-service-sg-ro,nl,Service
awx-account-service-sg-ro,sg,Service
awx-account-service-sg-ro,us,Service
awx-configuration-service,hk,Service
awx-configuration-service,nl,Service
awx-configuration-service,sg,Service
awx-configuration-service,us,Service
awx-hosted-flow,hk,Service
awx-panopticon,hk,Service
awx-panopticon,sg,Service
awx-panopticon-shadow,hk,Service
awx-panopticon-shadow,sg,Service
awxocsauth,hk,Service
awxocsjob,hk,Service
awxocsjob,sg,Service
bankaccountvalidationservice,hk,Service
bankaccountvalidationservice,sg,Service
bankfeedsintegration,hk,Service
bankfeedsintegration,sg,Service
batchtransfersgraphql,hk,Service
batchtransfersgraphql,sg,Service
bill-pay-service-prod,hk,Service
bill-pay-service-prod,sg,Service
business-information-vendor-adaptor,hk,Service
business-information-vendor-adaptor,sg,Service
campaignservice,hk,Service
campaignservice,sg,Service
clearing-settlement-worker,hk,Service
clearing-settlement-worker,sg,Service
clientvbaservice,hk,Service
clientvbaservice,sg,Service
com.airwallex.corebanking.financialtransaction.grpc.FinancialTransactionRpc,hk,Service
com.airwallex.corebanking.grpc.deposit.CoreBankingDepositRpc,hk,Service
com.airwallex.corebanking.grpc.financialtransaction.rpc.FinancialTransactionRpcV2,hk,Service
com.airwallex.corebanking.proto.wallet.WalletRpc,hk,Service
com.airwallex.hologram.gateway.SafeguardingService,alihk,Service
com.airwallex.pci.tokenmapper.api.v1.TokenMapperService,sg,Service
com.airwallex.pci.tokenmapper.api.v1.TokenMapperService,us,Service
compliance-graphql,alihk,Service
compliance-graphql,sg,Service
creditadviceservice,hk,Service
creditadviceservice,sg,Service
creditadviceservice,unknown,Service
data-mesh-cb-pipeline-service,sg,Service
data-mesh-fp-pipeline-service,sg,Service
data-mesh-fx-pipeline-service,sg,Service
data-mesh-gtpn-pipeline-service,sg,Service
data-mesh-issuing-pipeline-service,sg,Service
data-mesh-pa-pipeline-service,sg,Service
data-mesh-pipeline-service,sg,Service
data-mesh-scale-pipeline-service,sg,Service
data-mesh-sme-pipeline-service,sg,Service
depositservice,hk,Service
depositservice,sg,Service
domains.WorkflowGateway,hk,Service
domains.WorkflowGateway,sg,Service
ecommercedataservice,hk,Service
ecosystemairboardgraphql,sg,Service
ecosystemappservice,hk,Service
ecosystemintegrationplatform,hk,Service
ecosystemintegrationplatform,sg,Service
ecosystemintegrationplatform,unknown,Service
ecosystemintegrationplatform-hk-prod,hk,Service
ecosystemintegrationplatform-hk-prod,sg,Service
ecosystemintegrationplatform-sg-prod,sg,Service
efficiency-uplift,hk,Service
efficiency-uplift,sg,Service
elasticsearch,alihk,Service
elasticsearch,hk,Service
elasticsearch,sg,Service
enrollmentservice,hk,Service
enrollmentservice,sg,Service
etawxocs,hk,Service
etawxocs,sg,Service
etawxocs,unknown,Service
etawxocsamazon,hk,Service
etawxocsebay,hk,Service
etemailer,alihk,Service
etemailer,sg,Service
execution-monitor,unknown,Service
execution-scheduler,unknown,Service
execution-signaler,unknown,Service
expense-categorization-prod,hk,Service
expense-categorization-prod,sg,Service
external-wallet-worker,hk,Service
external-wallet-worker,sg,Service
finance-app-fee-engine,hk,Service
finance-balance-monitor,hk,Service
finance-balance-notification,hk,Service
finance-client-wallet-events,hk,Service
finance-client-wallet-v2,hk,Service
finance-client-wallet-v3,hk,Service
finance-client-wallet-v3,unknown,Service
finance-client-wallet-v3-event-service,hk,Service
finance-core-banking-api-gateway,hk,Service
finance-funding-source-service,hk,Service
finance-lending-service,hk,Service
finance-order-aggregation-service,hk,Service
finance-report-concierge-service,hk,Service
finance-subwallet-management-api,hk,Service
financialtransaction,hk,Service
financialtransaction,nl,Service
financialtransaction,sg,Service
firm-wallet-worker,hk,Service
firm-wallet-worker,sg,Service
firm_wallet.wallet_service_v1.WalletService,hk,Service
firm_wallet.wallet_service_v1.WalletService,sg,Service
fis-query-gateway,sg,Service
fis-query-gateway,unknown,Service
fis_configuration.FisConfigurationAccountService,hk,Service
fis_configuration.FisConfigurationAccountService,sg,Service
fis_configuration.FisConfigurationEntityService,hk,Service
fis_configuration.FisConfigurationEntityService,sg,Service
fis_configuration.FisConfigurationPeriodService,hk,Service
fis_configuration.FisConfigurationPeriodService,sg,Service
fis_configuration.FisConfigurationRateService,hk,Service
fis_configuration.FisConfigurationRateService,sg,Service
fraud-case,hk,Service
fraud-case,nl,Service
fraud-case,sg,Service
fraud-case,us,Service
fraud-detection,hk,Service
fraud-detection,nl,Service
fraud-detection,sg,Service
fraud-detection,unknown,Service
fraud-detection,us,Service
fraud-management,hk,Service
fraud-management,nl,Service
fraud-management,sg,Service
fraud-management,us,Service
fx-event-demux,unknown,Service
fx-event-mux,unknown,Service
gatekeeper.gatekeeper_servicepb.GatekeeperService,sg,Service
gcp-prod-hk-fx-public-api,hk,Service
gcp-prod-hk-mcp-api,hk,Service
gcp-prod-hk-mcp-quote-service,hk,Service
gcp-prod-hk-ref-rates-api,hk,Service
gcp-prod-sg-airstream-api,sg,Service
gcp-prod-sg-airstream-bridge,sg,Service
gcp-prod-sg-billing-center-publisher,sg,Service
gcp-prod-sg-conversion-api,sg,Service
gcp-prod-sg-fx-dashboard-api,sg,Service
gcp-prod-sg-fx-order-graphql-api,sg,Service
gcp-prod-sg-fx-public-api,sg,Service
gcp-prod-sg-gtpn-bridge,sg,Service
gcp-prod-sg-liquidity-planner-api,sg,Service
gcp-prod-sg-mcp-api,sg,Service
gcp-prod-sg-mcp-quote-service,sg,Service
gcp-prod-sg-open-position-api,sg,Service
gcp-prod-sg-order-api,sg,Service
gcp-prod-sg-order-market-monitor,sg,Service
gcp-prod-sg-position-adjustment-api,sg,Service
gcp-prod-sg-position-keeper,sg,Service
gcp-prod-sg-pricing-api,sg,Service
gcp-prod-sg-quote-api,sg,Service
gcp-prod-sg-ref-rates-api,sg,Service
gcp-prod-sg-refinitiv-wsock-adapter,sg,Service
gcp-prod-sg-revenue-control-api,sg,Service
gcp-prod-sg-scb-scale-adapter-v2,sg,Service
gcp-prod-sg-settlement-api,sg,Service
gcp-prod-sg-timeseries-api,sg,Service
gcp-prod-sg-trade-event-transformer,sg,Service
gcp-prod-sg-trading-api,sg,Service
gcp-prod-syd-macq-fix-adapter,unknown,Service
gcp-prod-us-mcp-api,unknown,Service
gcp-prod-us-mcp-quote-service,unknown,Service
gcp-prod-us-pricing-api,unknown,Service
gcp-prod-us-trading-api,unknown,Service
getpaidinvoice,hk,Service
getpaidinvoice,nl,Service
getpaidinvoice,sg,Service
getpaidinvoice,us,Service
getpaidinvoicepayment,hk,Service
getpaidinvoicepayment,nl,Service
getpaidinvoicepayment,sg,Service
getpaidinvoicepayment,us,Service
getpaidmerchantproduct,hk,Service
getpaidmerchantproduct,nl,Service
getpaidmerchantproduct,sg,Service
getpaidmerchantproduct,us,Service
getpaidsubscription,hk,Service
getpaidsubscription,nl,Service
getpaidsubscription,sg,Service
getpaidsubscription,us,Service
globalaccountgraphql,hk,Service
globalaccountgraphql,sg,Service
google.cloud.recaptchaenterprise.v1.RecaptchaEnterpriseService,hk,Service
google.cloud.recaptchaenterprise.v1.RecaptchaEnterpriseService,sg,Service
graphql-federation,hk,Service
graphql-federation,sg,Service
growthairboardgraphql,hk,Service
growthairboardgraphql,sg,Service
gtpnairboardgraphql,hk,Service
gtpnnotificationservice,hk,Service
gtpnnotificationservice,sg,Service
gtpntransferservice,hk,Service
gtpntransferservice,sg,Service
hedger,unknown,Service
hologram-gateway,hk,Service
hologram-gateway,sg,Service
hologram-gateway-alpha,hk,Service
hologram-gateway-alpha,sg,Service
hologram-proxy,nl,Service
hologram_account.HologramAccountService,hk,Service
hologram_account.HologramAccountService,sg,Service
htmlmodifierservice,hk,Service
htmlmodifierservice,nl,Service
htmlmodifierservice,sg,Service
htmlmodifierservice,us,Service
hubspotintegrationservice,hk,Service
hubspotintegrationservice,sg,Service
id-verification,hk,Service
id-verification,sg,Service
inbound-gateway,hk,Service
inbound-gateway,sg,Service
individual-kyc,hk,Service
individual-kyc,sg,Service
industry-category-service,sg,Service
integrations-airboard-api-prod,hk,Service
integrations-airboard-api-prod,sg,Service
integrations-gateway-prod,hk,Service
integrations-gateway-prod,sg,Service
integrations-webapp-api-prod,hk,Service
integrations-webapp-api-prod,sg,Service
integrationsauthmanagement,hk,Service
integrationsauthmanagement,sg,Service
integrationsgraphql,hk,Service
integrationsgraphql,sg,Service
iss-3ds-service-0,sg,Service
iss-3ds-service-0,us,Service
iss-airboardng-api-0,sg,Service
iss-airboardng-api-0,us,Service
iss-authorization-service-0,sg,Service
iss-authorization-service-0,us,Service
iss-authorization-service-0.default,us,Service
iss-card-service-0,sg,Service
iss-card-service-0,us,Service
iss-cardholder-service-0,sg,Service
iss-cardholder-service-0,us,Service
iss-client-api-0,sg,Service
iss-client-api-0,us,Service
iss-config-service-0,sg,Service
iss-config-service-0,us,Service
iss-core-services-adapter-0,sg,Service
iss-core-services-adapter-0,us,Service
iss-core-services-adapter-0.default,us,Service
iss-dtoken-service-0,sg,Service
iss-dtoken-service-0,us,Service
iss-event-service-0,sg,Service
iss-event-service-0,us,Service
iss-fee-service-0,sg,Service
iss-fee-service-0,us,Service
iss-pci-3ds-integration-0,us,Service
iss-pci-authorization-service-0,sg,Service
iss-pci-authorization-service-0,us,Service
iss-pci-authorization-service-0.default,sg,Service
iss-pci-authorization-service-0.default,us,Service
iss-pci-card-integration-0,sg,Service
iss-pci-card-integration-0,us,Service
iss-pci-card-management-0,sg,Service
iss-pci-card-service-0,sg,Service
iss-pci-card-service-0,us,Service
iss-pci-client-api-0,sg,Service
iss-pci-client-api-0,us,Service
iss-pci-dtoken-integration-0,sg,Service
iss-pci-dtoken-integration-0,us,Service
iss-pci-hsm-integration-0,sg,Service
iss-pci-hsm-integration-0.default,sg,Service
iss-pci-iso-integration-0,us,Service
iss-pci-settlement-service-0,us,Service
iss-pci-token-mapper-service-0,sg,Service
iss-pci-token-mapper-service-0,us,Service
iss-pci-visa-iso-integration-0,sg,Service
iss-pci-webapp-api-0,sg,Service
iss-pci-webapp-api-0,us,Service
iss-post-auth-service-0,sg,Service
iss-post-auth-service-0,us,Service
iss-reconciliation-service-0,us,Service
iss-reissue-service-0,sg,Service
iss-reissue-service-0,us,Service
iss-remote-auth-service-0,sg,Service
iss-remote-auth-service-0,us,Service
iss-remote-call-gateway-0,sg,Service
iss-remote-call-gateway-0,us,Service
iss-risk-engine-0,sg,Service
iss-risk-engine-0,us,Service
iss-search-integration-0,sg,Service
iss-search-integration-0,us,Service
iss-transaction-views-service-0,sg,Service
iss-transaction-views-service-0,us,Service
iss-vau-service-0,us,Service
iss-webapp-api-0,sg,Service
iss-webapp-api-0,us,Service
iss-webhook-service-0,sg,Service
iss-webhook-service-0,us,Service
jaeger.api_v2.CollectorService,hk,Service
jaeger.api_v2.CollectorService,sg,Service
kafka:aggregator-v2-fx.execution.aggregator.state-changelog,unknown,MessageQueue
kafka:aliyun_hk_prod.gtpn.client_bank_account.linked_bank_account_lifecycle.0,hk,MessageQueue
kafka:aliyun_hk_prod.gtpn.proxy_collection_lifecycle.credit.0,hk,MessageQueue
kafka:aliyun_hk_prod.gtpn.proxy_collection_lifecycle.refund.0,unknown,MessageQueue
kafka:aliyun_hk_prod.gtpn.rails_api_gateway.rebalance_status_update_event.0,hk,MessageQueue
kafka:aliyun_hk_prod.gtpn.rails_api_gateway.remittance_status_update_event.0,hk,MessageQueue
kafka:aliyun_hk_prod.notification.events,hk,MessageQueue
kafka:aliyun_hk_prod.platform.account_service.account_domain_events.0,alihk,MessageQueue
kafka:aliyun_hk_prod.platform.account_service.account_domain_events.1,alihk,MessageQueue
kafka:aliyun_hk_prod.platform.account_service.client_legal_entity_domain_events.0,alihk,MessageQueue
kafka:aliyun_hk_prod.scale.rfi_service.rfi_session_domain_event,hk,MessageQueue
kafka:aliyun_hk_prod.scale.task_banner.events,alihk,MessageQueue
kafka:aliyun_hk_prod.scale.task_banner.events,hk,MessageQueue
kafka:aliyun_hk_prod_account_service_user_profile_change,alihk,MessageQueue
kafka:aliyun_hk_prod_core_banking_balance_activity_events,hk,MessageQueue
kafka:aliyun_hk_prod_core_banking_cw3_balance_activity_events,hk,MessageQueue
kafka:aliyun_hk_prod_core_banking_order_search_documents,hk,MessageQueue
kafka:aliyun_hk_prod_gtpn_payout_created_event,hk,MessageQueue
kafka:aliyun_hk_prod_gtpn_transaction_events,hk,MessageQueue
kafka:aliyun_hk_prod_gtpn_transaction_submit_event,hk,MessageQueue
kafka:aliyun_hk_prod_midas_record_topic,hk,MessageQueue
kafka:aliyun_hk_prod_order_aggregation_order_events,hk,MessageQueue
kafka:aliyun_hk_prod_rfi_domain_event,hk,MessageQueue
kafka:awx-client-position-blotter-client-position-store-changelog,unknown,MessageQueue
kafka:awx-client-position-blotter-client-position-store-repartition,unknown,MessageQueue
kafka:awx-conversion-monitor-debezium-pending-conversion-event-store-changelog,hk,MessageQueue
kafka:awx-conversion-monitor-debezium-unsettled-conversion-event-store-changelog,hk,MessageQueue
kafka:awx-daily-entrepot-position-keeper-daily-entrepot-position-store-changelog,unknown,MessageQueue
kafka:awx-daily-entrepot-position-keeper-daily-entrepot-position-store-repartition,unknown,MessageQueue
kafka:awx-entrepot-keeper-entrepot-position-store-changelog,unknown,MessageQueue
kafka:awx-hedger-rebuild-aggregation-replay-store-changelog,unknown,MessageQueue
kafka:awx-hedger-rebuild-aggregation-replay-store-repartition,unknown,MessageQueue
kafka:awx-ledger-feed-aggregation-store-changelog,unknown,MessageQueue
kafka:awx-ledger-feed-client-trade-store-changelog,unknown,MessageQueue
kafka:awx-ledger-feed-entrepot-trade-store-changelog,unknown,MessageQueue
kafka:awx-ledger-feed-execution-store-changelog,unknown,MessageQueue
kafka:awx-ledger-feed-trade-store-changelog,unknown,MessageQueue
kafka:awx-net-position-stream-v2-net-position-store-changelog,unknown,MessageQueue
kafka:awx-net-position-stream-v2-net-position-store-repartition,unknown,MessageQueue
kafka:awx-risk-position-blotter-risk-position-store-v2-changelog,unknown,MessageQueue
kafka:awx-risk-position-blotter-risk-position-store-v2-repartition,unknown,MessageQueue
kafka:awx-treasury-position-blotter-treasury-position-store-changelog,unknown,MessageQueue
kafka:awx.airstream.events,unknown,MessageQueue
kafka:awx.airstream.retention.events,unknown,MessageQueue
kafka:awx.execution.aggregation.events,unknown,MessageQueue
kafka:awx.execution.aggregation.events.remote,unknown,MessageQueue
kafka:awx.execution.blotter.events,unknown,MessageQueue
kafka:awx.execution.blotter.position.client,unknown,MessageQueue
kafka:awx.execution.blotter.position.risk,unknown,MessageQueue
kafka:awx.execution.client.trade.captured,hk,MessageQueue
kafka:awx.execution.client.trade.captured,unknown,MessageQueue
kafka:awx.execution.client.trade.captured.remote,unknown,MessageQueue
kafka:awx.execution.entrepot.blotter.events,unknown,MessageQueue
kafka:awx.execution.entrepot.blotter.raw.events,unknown,MessageQueue
kafka:awx.execution.entrepot.daily.position.events,unknown,MessageQueue
kafka:awx.execution.entrepot.payment.events,unknown,MessageQueue
kafka:awx.execution.entrepot.position.events,unknown,MessageQueue
kafka:awx.execution.entrepot.prekeyed.blotter.events,unknown,MessageQueue
kafka:awx.execution.execution.events.remote,unknown,MessageQueue
kafka:awx.execution.execution.events.remote.rekeyed,unknown,MessageQueue
kafka:awx.execution.keyed.aggregation.events,unknown,MessageQueue
kafka:awx.execution.keyed.client.trade.captured,unknown,MessageQueue
kafka:awx.execution.keyed.entrepot.blotter.events,unknown,MessageQueue
kafka:awx.execution.keyed.execution.events,unknown,MessageQueue
kafka:awx.execution.keyed.position.adjustment,unknown,MessageQueue
kafka:awx.execution.keyed.risk.order.status.events,unknown,MessageQueue
kafka:awx.execution.keyed.trade.captured,unknown,MessageQueue
kafka:awx.execution.keyed.trade.captured.entrepot,unknown,MessageQueue
kafka:awx.execution.monitor.aggregation.summary.events,unknown,MessageQueue
kafka:awx.execution.monitor.aggregation.summary.events.remote,unknown,MessageQueue
kafka:awx.execution.monitor.keyed.aggregation.events,unknown,MessageQueue
kafka:awx.execution.monitor.keyed.client.trade.captured,unknown,MessageQueue
kafka:awx.execution.monitor.keyed.trade.captured,unknown,MessageQueue
kafka:awx.execution.position.v2,unknown,MessageQueue
kafka:awx.execution.trade.captured,unknown,MessageQueue
kafka:awx.execution.trade.captured.all,unknown,MessageQueue
kafka:awx.execution.trade.captured.entrepot,unknown,MessageQueue
kafka:awx.execution.trade.captured.remote,unknown,MessageQueue
kafka:awx.fx.apm.aggregated.spot.price,unknown,MessageQueue
kafka:awx.fx.apm.calculated.spot.price,unknown,MessageQueue
kafka:awx.fx.command.queue.aggregator.v2,unknown,MessageQueue
kafka:awx.fx.constructed.quote.captured.conversion,hk,MessageQueue
kafka:awx.fx.constructed.quote.captured.conversion,unknown,MessageQueue
kafka:awx.fx.conversion.events,hk,MessageQueue
kafka:awx.fx.conversion.events,unknown,MessageQueue
kafka:awx.fx.conversion.legacy.combined,hk,MessageQueue
kafka:awx.fx.conversion.legacy.combined,unknown,MessageQueue
kafka:awx.fx.error.response.captured.conversion,hk,MessageQueue
kafka:awx.fx.error.response.captured.conversion,unknown,MessageQueue
kafka:awx.fx.event.multiplex.v2.hk.gcp,unknown,MessageQueue
kafka:awx.fx.event.multiplex.v2.nl.gcp,unknown,MessageQueue
kafka:awx.fx.event.multiplex.v2.sg.gcp,unknown,MessageQueue
kafka:awx.fx.event.multiplex.v2.tk.aliyun,unknown,MessageQueue
kafka:awx.fx.event.multiplex.v2.us.gcp,unknown,MessageQueue
kafka:awx.fx.gtpn.bridge.payout.order.v2.1,hk,MessageQueue
kafka:awx.fx.gtpn.bridge.payout.order.v2.1,unknown,MessageQueue
kafka:awx.fx.ledger.feed.events,unknown,MessageQueue
kafka:awx.fx.liquidity.engine.rekeyed.entrepot.blotter,unknown,MessageQueue
kafka:awx.fx.liquidity.engine.rekeyed.entrepot.position,unknown,MessageQueue
kafka:awx.fx.quote.ref.quote.v4,unknown,MessageQueue
kafka:awx.fx.request.intent.captured.conversion,hk,MessageQueue
kafka:awx.fx.request.intent.captured.conversion,unknown,MessageQueue
kafka:awx.notification.alert_event,hk,MessageQueue
kafka:awx.notification.alert_event,unknown,MessageQueue
kafka:awx.notification.notification_event,hk,MessageQueue
kafka:awx.notification.notification_event,unknown,MessageQueue
kafka:awx.observable.fwd.curves.and.prices,unknown,MessageQueue
kafka:awx.pricing.lp_price.carded,unknown,MessageQueue
kafka:awx.pricing.lp_price.live,unknown,MessageQueue
kafka:awx.pricing.lp_price.live.refinitiv,unknown,MessageQueue
kafka:awx.pricing.lp_price.reference,unknown,MessageQueue
kafka:awx.pricing.lp_price.summary,unknown,MessageQueue
kafka:awx.pricing.price.spot.v2,unknown,MessageQueue
kafka:awx.pricing.quote.hk.aliyun,hk,MessageQueue
kafka:awx.pricing.quote_request.hk.aliyun,hk,MessageQueue
kafka:awx.revenue.rule.events,hk,MessageQueue
kafka:awx.revenue.rule.events,unknown,MessageQueue
kafka:awx.venue.execution.events,unknown,MessageQueue
kafka:awx.venue.execution.events.remote,unknown,MessageQueue
kafka:awx.venue.order.events.remote,unknown,MessageQueue
kafka:execution-monitor-monitor-aggregation-store-changelog,unknown,MessageQueue
kafka:execution-monitor-monitor-client-trade-store-changelog,unknown,MessageQueue
kafka:execution-monitor-monitor-trade-store-changelog,unknown,MessageQueue
kafka:execution-signaler-execution.signaler.state-changelog,unknown,MessageQueue
kafka:gcp_hk_prod.acquiring.getpaid.invoice_payment.0,hk,MessageQueue
kafka:gcp_hk_prod.airwallexpay.airwallex_pay_service.transaction_journal,hk,MessageQueue
kafka:gcp_hk_prod.approval.request,hk,MessageQueue
kafka:gcp_hk_prod.approval.status,hk,MessageQueue
kafka:gcp_hk_prod.approval.updates,hk,MessageQueue
kafka:gcp_hk_prod.notification.channels_email,hk,MessageQueue
kafka:gcp_hk_prod.notification.channels_email_slow,hk,MessageQueue
kafka:gcp_hk_prod.notification.channels_one_off_email,hk,MessageQueue
kafka:gcp_hk_prod.notification.channels_push,hk,MessageQueue
kafka:gcp_hk_prod.notification.channels_sms,hk,MessageQueue
kafka:gcp_hk_prod.notification.channels_system-notification,hk,MessageQueue
kafka:gcp_hk_prod.notification.channels_webhook,hk,MessageQueue
kafka:gcp_hk_prod.notification.channels_webhook_retry,hk,MessageQueue
kafka:gcp_hk_prod.notification.channels_webhook_slow,hk,MessageQueue
kafka:gcp_hk_prod.notification.events,alihk,MessageQueue
kafka:gcp_hk_prod.notification.events,hk,MessageQueue
kafka:gcp_hk_prod.notification.events,us,MessageQueue
kafka:gcp_hk_prod.notification.history_email,hk,MessageQueue
kafka:gcp_hk_prod.notification.history_push,hk,MessageQueue
kafka:gcp_hk_prod.notification.history_sms,hk,MessageQueue
kafka:gcp_hk_prod.notification.history_webhook,hk,MessageQueue
kafka:gcp_hk_prod.platform.accounting.journal_entry,hk,MessageQueue
kafka:gcp_hk_prod.risk_ns.create_case,hk,MessageQueue
kafka:gcp_hk_prod.risk_ns.name_screening_request,alihk,MessageQueue
kafka:gcp_hk_prod.risk_ns.screen_result,hk,MessageQueue
kafka:gcp_hk_prod.scale.onboarding_service.invitation.accepted,hk,MessageQueue
kafka:gcp_hk_prod.scale.ongoing_review_request,hk,MessageQueue
kafka:gcp_hk_prod.scale.scale_connect_service.scale_domain_events.0,hk,MessageQueue
kafka:gcp_hk_prod.scale.task_banner.events,hk,MessageQueue
kafka:gcp_hk_prod_acquire_setting_update_notification_topic,hk,MessageQueue
kafka:gcp_hk_prod_acquiring_capture_status_updated_event,hk,MessageQueue
kafka:gcp_hk_prod_acquiring_merchant_event_topic,hk,MessageQueue
kafka:gcp_hk_prod_acquiring_payment_executor_capture_request_amex,hk,MessageQueue
kafka:gcp_hk_prod_acquiring_payment_executor_capture_request_jcb,hk,MessageQueue
kafka:gcp_hk_prod_acquiring_payment_executor_capture_request_mastercard,hk,MessageQueue
kafka:gcp_hk_prod_acquiring_payment_executor_capture_request_upi,hk,MessageQueue
kafka:gcp_hk_prod_acquiring_payment_executor_capture_request_visa,hk,MessageQueue
kafka:gcp_hk_prod_attempt_expire_topic,hk,MessageQueue
kafka:gcp_hk_prod_authapi_local,hk,MessageQueue
kafka:gcp_hk_prod_billing_fee_configuration_event,hk,MessageQueue
kafka:gcp_hk_prod_billing_fee_event_0,hk,MessageQueue
kafka:gcp_hk_prod_billing_fee_event_0,us,MessageQueue
kafka:gcp_hk_prod_clearing_house_clearing_output_topic,hk,MessageQueue
kafka:gcp_hk_prod_clearing_house_fee_details_topic,hk,MessageQueue
kafka:gcp_hk_prod_clearing_house_send_fee_msg_to_settlement_event_topic,hk,MessageQueue
kafka:gcp_hk_prod_clearing_house_settlement_request_event_topic,hk,MessageQueue
kafka:gcp_hk_prod_clearing_house_settlement_result_event_topic,hk,MessageQueue
kafka:gcp_hk_prod_clearing_house_settlement_result_event_topic,unknown,MessageQueue
kafka:gcp_hk_prod_clearing_transaction_event_topic,hk,MessageQueue
kafka:gcp_hk_prod_core_banking_async_report_task,hk,MessageQueue
kafka:gcp_hk_prod_core_banking_financial_transaction_events,hk,MessageQueue
kafka:gcp_hk_prod_dispute_event_topic,hk,MessageQueue
kafka:gcp_hk_prod_dispute_risk_event_topic,hk,MessageQueue
kafka:gcp_hk_prod_fee_clearing_event_topic,hk,MessageQueue
kafka:gcp_hk_prod_financial_transaction_core_transaction_request,hk,MessageQueue
kafka:gcp_hk_prod_fraud_auth_result_event_topic,hk,MessageQueue
kafka:gcp_hk_prod_fraud_case_creation_event_topic,hk,MessageQueue
kafka:gcp_hk_prod_fraud_case_update_event_topic,hk,MessageQueue
kafka:gcp_hk_prod_fraud_provider_response_creation_event_topic,hk,MessageQueue
kafka:gcp_hk_prod_individual_kyc_case_status_changed_event,hk,MessageQueue
kafka:gcp_hk_prod_individual_kyc_case_sync_event,hk,MessageQueue
kafka:gcp_hk_prod_individual_kyc_verification_case_result,hk,MessageQueue
kafka:gcp_hk_prod_integrations_connection_events,hk,MessageQueue
kafka:gcp_hk_prod_internal_payment_update_fusion_event_topic,hk,MessageQueue
kafka:gcp_hk_prod_invoice_item_domain_event,hk,MessageQueue
kafka:gcp_hk_prod_iss_ft_event_hk_topic,us,MessageQueue
kafka:gcp_hk_prod_issuing_core_banking_grpc_request,hk,MessageQueue
kafka:gcp_hk_prod_kyb_domain_events,hk,MessageQueue
kafka:gcp_hk_prod_kyc_domain_event,hk,MessageQueue
kafka:gcp_hk_prod_metric_platform.event.user_signin_event,alihk,MessageQueue
kafka:gcp_hk_prod_midas_account_price_update_event,hk,MessageQueue
kafka:gcp_hk_prod_midas_record_topic,hk,MessageQueue
kafka:gcp_hk_prod_midas_record_topic,us,MessageQueue
kafka:gcp_hk_prod_orderCancel_ledger_event,hk,MessageQueue
kafka:gcp_hk_prod_order_ledger_event,hk,MessageQueue
kafka:gcp_hk_prod_order_ledger_event,us,MessageQueue
kafka:gcp_hk_prod_pa.post_authorization_transaction_fail_events,hk,MessageQueue
kafka:gcp_hk_prod_pa.post_fraud_transaction_events,hk,MessageQueue
kafka:gcp_hk_prod_pa.pre_fraud_transaction_events,hk,MessageQueue
kafka:gcp_hk_prod_pa.risk.post_fraud_transaction_events,hk,MessageQueue
kafka:gcp_hk_prod_pa.risk.pre_fraud_transaction_events,hk,MessageQueue
kafka:gcp_hk_prod_pa_internal_notification_event_topic,hk,MessageQueue
kafka:gcp_hk_prod_pa_schedule_endpoint_topic,hk,MessageQueue
kafka:gcp_hk_prod_payment_core_clearing_event_topic,hk,MessageQueue
kafka:gcp_hk_prod_payment_core_event_topic,hk,MessageQueue
kafka:gcp_hk_prod_payment_core_event_topic,unknown,MessageQueue
kafka:gcp_hk_prod_payment_executor_transaction_status_topic,hk,MessageQueue
kafka:gcp_hk_prod_rails_gateway_statement_entry,sg,MessageQueue
kafka:gcp_hk_prod_reconciliation_settlement_bank_statement,hk,MessageQueue
kafka:gcp_hk_prod_refund_received_event_topic,hk,MessageQueue
kafka:gcp_hk_prod_risk_decision_events,hk,MessageQueue
kafka:gcp_hk_prod_risk_list_topic,hk,MessageQueue
kafka:gcp_hk_prod_risk_safeguarding_topic,unknown,MessageQueue
kafka:gcp_hk_prod_risk_tm_events,alihk,MessageQueue
kafka:gcp_hk_prod_settlement_batch_record_topic,hk,MessageQueue
kafka:gcp_hk_prod_settlement_entry_record_topic,hk,MessageQueue
kafka:gcp_hk_prod_spend_management_domain_transactions,hk,MessageQueue
kafka:gcp_hk_prod_spend_management_notes_sync_commands,hk,MessageQueue
kafka:gcp_hk_prod_spend_management_receipt_sync_commands,hk,MessageQueue
kafka:gcp_hk_prod_spend_management_sync_results,hk,MessageQueue
kafka:gcp_hk_prod_tm.transaction_charge,alihk,MessageQueue
kafka:gcp_hk_prod_tm.transaction_deposit_post_events,alihk,MessageQueue
kafka:gcp_hk_prod_tm.transaction_deposit_pre_events,alihk,MessageQueue
kafka:gcp_hk_prod_tm.transaction_payment_post_events,alihk,MessageQueue
kafka:gcp_hk_prod_tm.transaction_payment_pre_events,alihk,MessageQueue
kafka:gcp_hk_prod_tm.transaction_transfer,alihk,MessageQueue
kafka:gcp_hk_prod_tm_case_events,alihk,MessageQueue
kafka:gcp_hk_prod_tm_case_result,alihk,MessageQueue
kafka:gcp_hk_prod_tm_name_screen_request_events,alihk,MessageQueue
kafka:gcp_hk_prod_tm_name_screen_result,alihk,MessageQueue
kafka:gcp_hk_prod_tm_payment_events,alihk,MessageQueue
kafka:gcp_hk_prod_tsp_token_status_topic,hk,MessageQueue
kafka:gcp_hk_prod_tsp_token_topic,hk,MessageQueue
kafka:gcp_hk_prod_visa_authorizations,hk,MessageQueue
kafka:gcp_hk_prod_wxpay_notification_topic,hk,MessageQueue
kafka:gcp_nl_prod.notification.channels_webhook,nl,MessageQueue
kafka:gcp_nl_prod.notification.channels_webhook_slow,nl,MessageQueue
kafka:gcp_nl_prod.notification.history_webhook,nl,MessageQueue
kafka:gcp_nl_prod.risk.ip_sync_event,nl,MessageQueue
kafka:gcp_nl_prod_acquire_setting_update_notification_topic,nl,MessageQueue
kafka:gcp_nl_prod_acquiring_capture_status_updated_event,nl,MessageQueue
kafka:gcp_nl_prod_acquiring_merchant_event_topic,nl,MessageQueue
kafka:gcp_nl_prod_acquiring_payment_executor_capture_request_mastercard,nl,MessageQueue
kafka:gcp_nl_prod_acquiring_payment_executor_capture_request_valitor,nl,MessageQueue
kafka:gcp_nl_prod_acquiring_payment_executor_capture_request_visa,nl,MessageQueue
kafka:gcp_nl_prod_attempt_expire_topic,nl,MessageQueue
kafka:gcp_nl_prod_clearing_house_clearing_output_topic,nl,MessageQueue
kafka:gcp_nl_prod_clearing_house_fee_details_topic,nl,MessageQueue
kafka:gcp_nl_prod_clearing_house_send_fee_msg_to_settlement_event_topic,nl,MessageQueue
kafka:gcp_nl_prod_clearing_house_settlement_request_event_topic,nl,MessageQueue
kafka:gcp_nl_prod_clearing_house_settlement_result_event_topic,nl,MessageQueue
kafka:gcp_nl_prod_clearing_house_settlement_result_event_topic,unknown,MessageQueue
kafka:gcp_nl_prod_clearing_transaction_event_topic,nl,MessageQueue
kafka:gcp_nl_prod_core_banking_financial_transaction_events,nl,MessageQueue
kafka:gcp_nl_prod_dispute_event_topic,nl,MessageQueue
kafka:gcp_nl_prod_dispute_risk_event_topic,nl,MessageQueue
kafka:gcp_nl_prod_fee_clearing_event_topic,nl,MessageQueue
kafka:gcp_nl_prod_financial_transaction_core_transaction_request,hk,MessageQueue
kafka:gcp_nl_prod_fraud_auth_result_event_topic,nl,MessageQueue
kafka:gcp_nl_prod_fraud_case_creation_event_topic,nl,MessageQueue
kafka:gcp_nl_prod_fraud_case_update_event_topic,nl,MessageQueue
kafka:gcp_nl_prod_fraud_provider_response_creation_event_topic,nl,MessageQueue
kafka:gcp_nl_prod_internal_payment_update_fusion_event_topic,nl,MessageQueue
kafka:gcp_nl_prod_iss_ft_event_nl_topic,us,MessageQueue
kafka:gcp_nl_prod_midas_record_topic_to_hk,nl,MessageQueue
kafka:gcp_nl_prod_order_ledger_event,nl,MessageQueue
kafka:gcp_nl_prod_pa.post_authorization_transaction_fail_events,nl,MessageQueue
kafka:gcp_nl_prod_pa.post_fraud_transaction_events,nl,MessageQueue
kafka:gcp_nl_prod_pa.pre_fraud_transaction_events,nl,MessageQueue
kafka:gcp_nl_prod_pa.risk.post_fraud_transaction_events,nl,MessageQueue
kafka:gcp_nl_prod_pa.risk.pre_fraud_transaction_events,nl,MessageQueue
kafka:gcp_nl_prod_pa_internal_notification_event_topic,nl,MessageQueue
kafka:gcp_nl_prod_pa_schedule_endpoint_topic,nl,MessageQueue
kafka:gcp_nl_prod_payment_core_clearing_event_topic,nl,MessageQueue
kafka:gcp_nl_prod_payment_core_event_topic,nl,MessageQueue
kafka:gcp_nl_prod_refund_received_event_topic,nl,MessageQueue
kafka:gcp_nl_prod_risk_decision_events,nl,MessageQueue
kafka:gcp_nl_prod_tsp_token_status_topic,nl,MessageQueue
kafka:gcp_nl_prod_visa_authorizations,nl,MessageQueue
kafka:gcp_sg_PROD_CARD_COMMAND_TOPIC,sg,MessageQueue
kafka:gcp_sg_PROD_CARD_HOLDER_EVENT_TOPIC,sg,MessageQueue
kafka:gcp_sg_PROD_ISS_3DS_EVENT_TOPIC,sg,MessageQueue
kafka:gcp_sg_PROD_ISS_AUTHORIZATION_TX_TOPIC,sg,MessageQueue
kafka:gcp_sg_PROD_ISS_CARD_CHANGE_EVENT_API_TOPIC,sg,MessageQueue
kafka:gcp_sg_PROD_ISS_CARD_CHANGE_STREAM_APP_ID-v1.1.1-TABLE_gcp_sg_PROD_ISS_CARD_CHANGE_STREAM_APP_ID-v1.1.1card_entity-changelog,sg,MessageQueue
kafka:gcp_sg_PROD_ISS_CARD_CHANGE_STREAM_APP_ID-v1.1.1-TABLE_gcp_sg_PROD_ISS_CARD_CHANGE_STREAM_APP_ID-v1.1.1card_owners-changelog,sg,MessageQueue
kafka:gcp_sg_PROD_ISS_CARD_CHANGE_STREAM_APP_ID-v1.1.1-gcp_sg_PROD_ISS_CARD_CHANGE_STREAM_APP_ID-v1.1.1-repartition,sg,MessageQueue
kafka:gcp_sg_PROD_ISS_CARD_EVENT_TOPIC,sg,MessageQueue
kafka:gcp_sg_PROD_ISS_CARD_OWNERS_EVENT_TOPIC,sg,MessageQueue
kafka:gcp_sg_PROD_ISS_CARD_SPEND_EVENT_TOPIC,sg,MessageQueue
kafka:gcp_sg_PROD_ISS_DIGITAL_TOKEN_EVENT_TOPIC,sg,MessageQueue
kafka:gcp_sg_PROD_ISS_DIGITAL_TOKEN_NOTIFICATION_EVENT_TOPIC,us,MessageQueue
kafka:gcp_sg_PROD_ISS_OUTSTANDING_AUTHORIZATION_CHANGE_TOPIC,sg,MessageQueue
kafka:gcp_sg_PROD_ISS_PCI_CARD_EVENT_TOPIC,sg,MessageQueue
kafka:gcp_sg_PROD_ISS_STATUS_UPDATE_TOPIC,sg,MessageQueue
kafka:gcp_sg_PROD_ISS_WALLET_EVENT_TOPIC,sg,MessageQueue
kafka:gcp_sg_prod.approval.request,sg,MessageQueue
kafka:gcp_sg_prod.approval.status,sg,MessageQueue
kafka:gcp_sg_prod.approval.updates,sg,MessageQueue
kafka:gcp_sg_prod.gtpn.rails_api_gateway.rebalance_status_update_event.0,sg,MessageQueue
kafka:gcp_sg_prod.gtpn.rails_api_gateway.remittance_status_update_event.0,sg,MessageQueue
kafka:gcp_sg_prod.notification.channels_email,sg,MessageQueue
kafka:gcp_sg_prod.notification.channels_email_slow,sg,MessageQueue
kafka:gcp_sg_prod.notification.channels_push,sg,MessageQueue
kafka:gcp_sg_prod.notification.channels_sms,sg,MessageQueue
kafka:gcp_sg_prod.notification.channels_system-notification,sg,MessageQueue
kafka:gcp_sg_prod.notification.channels_webhook,sg,MessageQueue
kafka:gcp_sg_prod.notification.channels_webhook_retry,sg,MessageQueue
kafka:gcp_sg_prod.notification.channels_webhook_slow,sg,MessageQueue
kafka:gcp_sg_prod.notification.events,sg,MessageQueue
kafka:gcp_sg_prod.notification.history_email,sg,MessageQueue
kafka:gcp_sg_prod.notification.history_push,sg,MessageQueue
kafka:gcp_sg_prod.notification.history_sms,sg,MessageQueue
kafka:gcp_sg_prod.notification.history_webhook,sg,MessageQueue
kafka:gcp_sg_prod.platform.account_service.account_domain_events.0,sg,MessageQueue
kafka:gcp_sg_prod.platform.account_service.account_domain_events.1,sg,MessageQueue
kafka:gcp_sg_prod.platform.account_service.client_legal_entity_domain_events.0,sg,MessageQueue
kafka:gcp_sg_prod.platform.accounting.journal_entry,sg,MessageQueue
kafka:gcp_sg_prod.risk.ip_sync_event,sg,MessageQueue
kafka:gcp_sg_prod.risk_ns.create_case,sg,MessageQueue
kafka:gcp_sg_prod.risk_ns.name_screening_request,sg,MessageQueue
kafka:gcp_sg_prod.risk_ns.screen_result,sg,MessageQueue
kafka:gcp_sg_prod.scale.onboarding_service.invitation.accepted,sg,MessageQueue
kafka:gcp_sg_prod.scale.rfi_service.rfi_session_domain_event,sg,MessageQueue
kafka:gcp_sg_prod.scale.task_banner.events,sg,MessageQueue
kafka:gcp_sg_prod_ISS_AUTHORIZATION_ADVICE_EVENT_TOPIC,sg,MessageQueue
kafka:gcp_sg_prod_account_service_user_profile_change,sg,MessageQueue
kafka:gcp_sg_prod_acquiring_merchant_event_topic,sg,MessageQueue
kafka:gcp_sg_prod_acquiring_payment_executor_capture_request_amex,sg,MessageQueue
kafka:gcp_sg_prod_acquiring_payment_executor_capture_request_mastercard,sg,MessageQueue
kafka:gcp_sg_prod_acquiring_payment_executor_capture_request_upi,sg,MessageQueue
kafka:gcp_sg_prod_acquiring_payment_executor_capture_request_visa,sg,MessageQueue
kafka:gcp_sg_prod_attempt_expire_topic,sg,MessageQueue
kafka:gcp_sg_prod_authapi_local,sg,MessageQueue
kafka:gcp_sg_prod_billing_fee_configuration_event,sg,MessageQueue
kafka:gcp_sg_prod_billing_fee_event_0,sg,MessageQueue
kafka:gcp_sg_prod_clearing_house_clearing_output_topic,sg,MessageQueue
kafka:gcp_sg_prod_clearing_house_fee_details_topic,sg,MessageQueue
kafka:gcp_sg_prod_clearing_house_send_fee_msg_to_settlement_event_topic,sg,MessageQueue
kafka:gcp_sg_prod_clearing_house_settlement_request_event_topic,sg,MessageQueue
kafka:gcp_sg_prod_clearing_house_settlement_result_event_topic,sg,MessageQueue
kafka:gcp_sg_prod_clearing_transaction_event_topic,sg,MessageQueue
kafka:gcp_sg_prod_core_banking_async_report_task,sg,MessageQueue
kafka:gcp_sg_prod_core_banking_balance_activity_events,sg,MessageQueue
kafka:gcp_sg_prod_core_banking_cw3_balance_activity_events,sg,MessageQueue
kafka:gcp_sg_prod_core_banking_financial_transaction_events,sg,MessageQueue
kafka:gcp_sg_prod_core_banking_order_search_documents,sg,MessageQueue
kafka:gcp_sg_prod_fee_clearing_event_topic,sg,MessageQueue
kafka:gcp_sg_prod_financial_transaction_core_transaction_request,sg,MessageQueue
kafka:gcp_sg_prod_fraud_auth_result_event_topic,sg,MessageQueue
kafka:gcp_sg_prod_fraud_case_creation_event_topic,sg,MessageQueue
kafka:gcp_sg_prod_fraud_case_update_event_topic,sg,MessageQueue
kafka:gcp_sg_prod_fraud_provider_response_creation_event_topic,sg,MessageQueue
kafka:gcp_sg_prod_gtpn_payout_created_event,sg,MessageQueue
kafka:gcp_sg_prod_gtpn_transaction_events,sg,MessageQueue
kafka:gcp_sg_prod_individual_kyc_case_status_changed_event,sg,MessageQueue
kafka:gcp_sg_prod_individual_kyc_case_sync_event,sg,MessageQueue
kafka:gcp_sg_prod_integrations_connection_events,sg,MessageQueue
kafka:gcp_sg_prod_internal_payment_update_fusion_event_topic,sg,MessageQueue
kafka:gcp_sg_prod_invoice_item_domain_event,sg,MessageQueue
kafka:gcp_sg_prod_iss_ft_event_sg_topic,sg,MessageQueue
kafka:gcp_sg_prod_kyb_domain_events,sg,MessageQueue
kafka:gcp_sg_prod_kyc_domain_event,sg,MessageQueue
kafka:gcp_sg_prod_metric_platform.event.user_signin_event,sg,MessageQueue
kafka:gcp_sg_prod_midas_account_price_update_event,sg,MessageQueue
kafka:gcp_sg_prod_midas_record_topic,sg,MessageQueue
kafka:gcp_sg_prod_order_aggregation_order_events,sg,MessageQueue
kafka:gcp_sg_prod_order_ledger_event,sg,MessageQueue
kafka:gcp_sg_prod_pa.post_authorization_transaction_fail_events,sg,MessageQueue
kafka:gcp_sg_prod_pa.post_fraud_transaction_events,sg,MessageQueue
kafka:gcp_sg_prod_pa.pre_fraud_transaction_events,sg,MessageQueue
kafka:gcp_sg_prod_pa.risk.post_fraud_transaction_events,sg,MessageQueue
kafka:gcp_sg_prod_pa.risk.pre_fraud_transaction_events,sg,MessageQueue
kafka:gcp_sg_prod_pa_internal_notification_event_topic,sg,MessageQueue
kafka:gcp_sg_prod_pa_schedule_endpoint_topic,sg,MessageQueue
kafka:gcp_sg_prod_payment_core_clearing_event_topic,sg,MessageQueue
kafka:gcp_sg_prod_payment_core_event_topic,sg,MessageQueue
kafka:gcp_sg_prod_payment_core_event_topic,unknown,MessageQueue
kafka:gcp_sg_prod_rails_gateway_connector_command,sg,MessageQueue
kafka:gcp_sg_prod_rails_gateway_connector_result,sg,MessageQueue
kafka:gcp_sg_prod_rails_gateway_decrypted_data,sg,MessageQueue
kafka:gcp_sg_prod_rails_gateway_raw_dehydrated_data,sg,MessageQueue
kafka:gcp_sg_prod_rails_gateway_raw_entry,sg,MessageQueue
kafka:gcp_sg_prod_rails_gateway_statement_entry,sg,MessageQueue
kafka:gcp_sg_prod_reconciliation_bank_funds_result_topic,sg,MessageQueue
kafka:gcp_sg_prod_reconciliation_result_topic,sg,MessageQueue
kafka:gcp_sg_prod_reconciliation_settlement_bank_statement,sg,MessageQueue
kafka:gcp_sg_prod_refund_received_event_topic,sg,MessageQueue
kafka:gcp_sg_prod_rfi_domain_event,sg,MessageQueue
kafka:gcp_sg_prod_risk_decision_events,sg,MessageQueue
kafka:gcp_sg_prod_risk_list_topic,sg,MessageQueue
kafka:gcp_sg_prod_risk_safeguarding_topic,sg,MessageQueue
kafka:gcp_sg_prod_risk_tm_events,sg,MessageQueue
kafka:gcp_sg_prod_settlement_batch_record_topic,sg,MessageQueue
kafka:gcp_sg_prod_settlement_entry_record_topic,sg,MessageQueue
kafka:gcp_sg_prod_spend_management_domain_transactions,sg,MessageQueue
kafka:gcp_sg_prod_spend_management_receipt_sync_commands,sg,MessageQueue
kafka:gcp_sg_prod_spend_management_sync_results,sg,MessageQueue
kafka:gcp_sg_prod_tm.transaction_deposit_post_events,sg,MessageQueue
kafka:gcp_sg_prod_tm.transaction_deposit_pre_events,sg,MessageQueue
kafka:gcp_sg_prod_tm.transaction_payment_post_events,sg,MessageQueue
kafka:gcp_sg_prod_tm.transaction_payment_pre_events,sg,MessageQueue
kafka:gcp_sg_prod_tm_case_events,sg,MessageQueue
kafka:gcp_sg_prod_tm_name_screen_request_events,sg,MessageQueue
kafka:gcp_sg_prod_tm_name_screen_result,sg,MessageQueue
kafka:gcp_sg_prod_tm_payment_events,sg,MessageQueue
kafka:gcp_sg_prod_update_fusion_transaction_info_event_topic,sg,MessageQueue
kafka:gcp_sg_prod_visa_authorizations,sg,MessageQueue
kafka:gcp_us_PROD_CARD_COMMAND_TOPIC,us,MessageQueue
kafka:gcp_us_PROD_CARD_HOLDER_EVENT_TOPIC,us,MessageQueue
kafka:gcp_us_PROD_ISS_3DS_EVENT_TOPIC,us,MessageQueue
kafka:gcp_us_PROD_ISS_AUTHORIZATION_TX_TOPIC,us,MessageQueue
kafka:gcp_us_PROD_ISS_CARD_CHANGE_EVENT_API_TOPIC,us,MessageQueue
kafka:gcp_us_PROD_ISS_CARD_CHANGE_STREAM_APP_ID-v1.1.1-TABLE_gcp_us_PROD_ISS_CARD_CHANGE_STREAM_APP_ID-v1.1.1card_entity-changelog,us,MessageQueue
kafka:gcp_us_PROD_ISS_CARD_CHANGE_STREAM_APP_ID-v1.1.1-TABLE_gcp_us_PROD_ISS_CARD_CHANGE_STREAM_APP_ID-v1.1.1card_owners-changelog,us,MessageQueue
kafka:gcp_us_PROD_ISS_CARD_CHANGE_STREAM_APP_ID-v1.1.1-gcp_us_PROD_ISS_CARD_CHANGE_STREAM_APP_ID-v1.1.1-repartition,us,MessageQueue
kafka:gcp_us_PROD_ISS_CARD_EVENT_TOPIC,us,MessageQueue
kafka:gcp_us_PROD_ISS_CARD_OWNERS_EVENT_TOPIC,us,MessageQueue
kafka:gcp_us_PROD_ISS_CARD_SPEND_EVENT_TOPIC,us,MessageQueue
kafka:gcp_us_PROD_ISS_DIGITAL_TOKEN_EVENT_TOPIC,us,MessageQueue
kafka:gcp_us_PROD_ISS_DIGITAL_TOKEN_NOTIFICATION_EVENT_TOPIC,us,MessageQueue
kafka:gcp_us_PROD_ISS_OUTSTANDING_AUTHORIZATION_CHANGE_TOPIC,us,MessageQueue
kafka:gcp_us_PROD_ISS_PCI_CARD_EVENT_TOPIC,us,MessageQueue
kafka:gcp_us_PROD_ISS_STATUS_UPDATE_TOPIC,us,MessageQueue
kafka:gcp_us_PROD_ISS_WALLET_EVENT_TOPIC,us,MessageQueue
kafka:gcp_us_prod.notification.channels_webhook,us,MessageQueue
kafka:gcp_us_prod_ISS_AUTHORIZATION_ADVICE_EVENT_TOPIC,us,MessageQueue
kafka:gcp_us_prod_acquiring_merchant_event_topic,us,MessageQueue
kafka:gcp_us_prod_attempt_expire_topic,us,MessageQueue
kafka:gcp_us_prod_clearing_house_clearing_output_topic,us,MessageQueue
kafka:gcp_us_prod_clearing_house_fee_details_topic,us,MessageQueue
kafka:gcp_us_prod_clearing_house_send_fee_msg_to_settlement_event_topic,us,MessageQueue
kafka:gcp_us_prod_clearing_house_settlement_request_event_topic,us,MessageQueue
kafka:gcp_us_prod_clearing_transaction_event_topic,us,MessageQueue
kafka:gcp_us_prod_fraud_auth_result_event_topic,unknown,MessageQueue
kafka:gcp_us_prod_fraud_case_creation_event_topic,unknown,MessageQueue
kafka:gcp_us_prod_fraud_case_update_event_topic,unknown,MessageQueue
kafka:gcp_us_prod_fraud_provider_response_creation_event_topic,unknown,MessageQueue
kafka:gcp_us_prod_internal_payment_update_fusion_event_topic,us,MessageQueue
kafka:gcp_us_prod_midas_record_topic_to_sg,us,MessageQueue
kafka:gcp_us_prod_order_ledger_event,us,MessageQueue
kafka:gcp_us_prod_pa.post_fraud_transaction_events,unknown,MessageQueue
kafka:gcp_us_prod_pa.pre_fraud_transaction_events,us,MessageQueue
kafka:gcp_us_prod_pa.risk.post_fraud_transaction_events,unknown,MessageQueue
kafka:gcp_us_prod_pa.risk.pre_fraud_transaction_events,unknown,MessageQueue
kafka:gcp_us_prod_pa_schedule_endpoint_topic,us,MessageQueue
kafka:gcp_us_prod_payment_core_clearing_event_topic,us,MessageQueue
kafka:gcp_us_prod_payment_core_event_topic,us,MessageQueue
kafka:gcp_us_prod_risk_decision_events,us,MessageQueue
kafka:legacy_gtpn_transaction_events_local,hk,MessageQueue
kafka:liquidity-engine-entrepot.liquidity.engine.state-changelog,unknown,MessageQueue
kafka:midas_record_topic,hk,MessageQueue
kafka:midas_record_topic,unknown,MessageQueue
kafka:notification.events,hk,MessageQueue
kafka:notification.events,unknown,MessageQueue
kafka:prod_acquiring_internal_settlement_record_event,hk,MessageQueue
kafka:prod_acquiring_internal_settlement_record_event,nl,MessageQueue
kafka:prod_acquiring_internal_settlement_record_event,sg,MessageQueue
kafka:prod_acquiring_internal_settlement_record_event,us,MessageQueue
kafka:prod_gtpn_batchtransfer_events,hk,MessageQueue
kafka:prod_gtpn_credit_advice_email_internal,hk,MessageQueue
kafka:prod_gtpn_credit_advice_email_internal,sg,MessageQueue
kafka:prod_gtpn_credit_advice_events,hk,MessageQueue
kafka:prod_gtpn_credit_advice_events,sg,MessageQueue
kafka:prod_gtpn_credit_advice_status_update,hk,MessageQueue
kafka:prod_gtpn_credit_advice_status_update,sg,MessageQueue
kafka:prod_gtpn_ecommerce_data_service_order,hk,MessageQueue
kafka:prod_gtpn_enrollment_events,hk,MessageQueue
kafka:prod_gtpn_global_account_lifecycle_events,hk,MessageQueue
kafka:prod_gtpn_global_account_lifecycle_events,sg,MessageQueue
kafka:prod_gtpn_journal_events,hk,MessageQueue
kafka:prod_gtpn_journal_events,sg,MessageQueue
kafka:prod_gtpn_notification_events_approval,hk,MessageQueue
kafka:prod_gtpn_notification_events_approval,sg,MessageQueue
kafka:prod_gtpn_ordermatching_events,hk,MessageQueue
kafka:prod_gtpn_payoutorder_events,hk,MessageQueue
kafka:prod_gtpn_payoutorder_events,sg,MessageQueue
kafka:prod_gtpn_rails_account_events,sg,MessageQueue
kafka:prod_gtpn_rails_gateway_bank_notification,sg,MessageQueue
kafka:prod_gtpn_transaction_events,hk,MessageQueue
kafka:prod_gtpn_transaction_events,sg,MessageQueue
kafka:prod_gtpn_transaction_events.DLT,hk,MessageQueue
kafka:prod_gtpn_transaction_service_order_resync_events,hk,MessageQueue
kafka:prod_gtpn_transaction_service_order_update_events,hk,MessageQueue
kafka:prod_gtpn_transaction_service_order_update_events,sg,MessageQueue
kafka:prod_gtpn_transfer_events,hk,MessageQueue
kafka:prod_gtpn_transfer_events,sg,MessageQueue
kafka:prod_gtpn_virtualbankaccount_events,hk,MessageQueue
kafka:prod_platform_account_info_events,alihk,MessageQueue
kafka:prod_platform_account_info_events,unknown,MessageQueue
kafka:prod_platform_audit_log_events,hk,MessageQueue
kafka:prod_platform_audit_log_events,sg,MessageQueue
kafka:prod_platform_person_domain_events_local,alihk,MessageQueue
kafka:prod_platform_person_domain_events_local,sg,MessageQueue
kafka:prod_platform_person_domain_events_local,unknown,MessageQueue
kafka:prod_platform_raw_audit_log_events,alihk,MessageQueue
kafka:prod_platform_raw_audit_log_events,hk,MessageQueue
kafka:prod_platform_raw_audit_log_events,sg,MessageQueue
kafka:prod_platform_user_enrollment_events,alihk,MessageQueue
kafka:prod_platform_user_enrollment_events,sg,MessageQueue
kafka:prod_risk_audit_log_events,hk,MessageQueue
kafka:prod_risk_audit_log_events,sg,MessageQueue
kafka:prod_settlement_fusion_fts_settlement_batches,hk,MessageQueue
kafka:prod_settlement_fusion_fts_settlement_batches,nl,MessageQueue
kafka:prod_settlement_fusion_fts_settlement_batches,sg,MessageQueue
kafka:prod_settlement_fusion_fts_settlement_fee,hk,MessageQueue
kafka:prod_settlement_fusion_fts_settlement_fee,nl,MessageQueue
kafka:prod_settlement_fusion_fts_settlement_fee,sg,MessageQueue
kafka:prod_settlement_fusion_fts_settlement_fee_billing,hk,MessageQueue
kafka:prod_settlement_fusion_fts_settlement_fee_billing,nl,MessageQueue
kafka:prod_settlement_fusion_fts_settlement_fee_billing,sg,MessageQueue
kafka:prod_settlement_fusion_fts_transactions,hk,MessageQueue
kafka:prod_settlement_fusion_fts_transactions,nl,MessageQueue
kafka:prod_settlement_fusion_fts_transactions,sg,MessageQueue
kafka:prod_sme.marketplace.store.create,hk,MessageQueue
kafka:ref-rates-consumer-REFINITIV-KTABLE-SUPPRESS-STATE-STORE-0000000005-changelog,unknown,MessageQueue
kafka:ref-rates-consumer-REFINITIV-reference-rate-window-store-changelog,unknown,MessageQueue
kafka:ref-rates-consumer-SCB_S2BX-KTABLE-SUPPRESS-STATE-STORE-0000000005-changelog,unknown,MessageQueue
kafka:ref-rates-consumer-SCB_S2BX-reference-rate-window-store-changelog,unknown,MessageQueue
kafka:ref-rates-consumer-eu-REFINITIV-KTABLE-SUPPRESS-STATE-STORE-0000000005-changelog,unknown,MessageQueue
kafka:ref-rates-consumer-eu-REFINITIV-reference-rate-window-store-changelog,unknown,MessageQueue
kafka:ref-rates-consumer-eu-SCB_S2BX-KTABLE-SUPPRESS-STATE-STORE-0000000005-changelog,unknown,MessageQueue
kafka:ref-rates-consumer-eu-SCB_S2BX-reference-rate-window-store-changelog,unknown,MessageQueue
kafka:wallet-balance-monitor-prod-wallet-balance-store-changelog,hk,MessageQueue
kafka:wallet-balance-monitor-prod-wallet-balance-store-changelog,sg,MessageQueue
ledgerpb.Ledger,hk,Service
ledgerpb.Ledger,sg,Service
loanservice,hk,Service
loanservice,sg,Service
location-service,hk,Service
location-service,nl,Service
location-service,sg,Service
location-service,us,Service
mcp-booking-processor,unknown,Service
mlfeaturestore,hk,Service
mlfeaturestore,nl,Service
mlfeaturestore,sg,Service
mlfeaturestore,us,Service
mobile-facade,hk,Service
mobile-facade,sg,Service
moneyhouseservice,hk,Service
moneyhouseservice,sg,Service
netsuiteauth,hk,Service
netsuiteauth,sg,Service
notification-engine,unknown,Service
notification-management,hk,Service
notification-management,nl,Service
notification-management,sg,Service
notification-webhook,hk,Service
notification-webhook,nl,Service
notification-webhook,sg,Service
notification-webhook,us,Service
notificationchannels,hk,Service
notificationchannels,nl,Service
notificationchannels,sg,Service
notificationchannels,unknown,Service
oauth-service,hk,Service
oauth-service,sg,Service
onboarding-service,hk,Service
onboarding-service,sg,Service
onlinepaymentfeedsservice,hk,Service
opentelemetry.proto.collector.trace.v1.TraceService,hk,Service
opentelemetry.proto.collector.trace.v1.TraceService,sg,Service
order-notifier,unknown,Service
order-processor,unknown,Service
order-triggerer,unknown,Service
ordercollectiongraphql,hk,Service
other_sql:yugabytedb:,hk,DB
other_sql:yugabytedb:,sg,DB
paaccountrange,hk,Service
paaccountrange,nl,Service
paaccountrange,sg,Service
paaccountrange,us,Service
paadaptorairwallexpay,hk,Service
paadaptorairwallexpay,nl,Service
paadaptorairwallexpay,sg,Service
paadaptorairwallexpay,us,Service
paadaptoralipay,hk,Service
paadaptoralipay,nl,Service
paadaptoralipay,sg,Service
paadaptoralipay,us,Service
paadaptorapplepay,hk,Service
paadaptorapplepay,nl,Service
paadaptorapplepay,sg,Service
paadaptorapplepay,us,Service
paadaptoratome,hk,Service
paadaptoratome,nl,Service
paadaptoratome,sg,Service
paadaptoratome,us,Service
paadaptordirectdebit,hk,Service
paadaptordirectdebit,nl,Service
paadaptordirectdebit,sg,Service
paadaptordirectdebit,us,Service
paadaptorfps,hk,Service
paadaptorfps,nl,Service
paadaptorfps,sg,Service
paadaptorfps,unknown,Service
paadaptorfps,us,Service
paadaptorkcp,hk,Service
paadaptorkcp,nl,Service
paadaptorkcp,sg,Service
paadaptorkcp,us,Service
paadaptorklarna,hk,Service
paadaptorklarna,nl,Service
paadaptorklarna,sg,Service
paadaptorklarna,us,Service
paadaptormastercard,hk,Service
paadaptormastercard,nl,Service
paadaptormastercard,sg,Service
paadaptormolpay,hk,Service
paadaptormolpay,nl,Service
paadaptormolpay,sg,Service
paadaptormolpay,us,Service
paadaptorppro,hk,Service
paadaptorppro,nl,Service
paadaptorppro,sg,Service
paadaptorppro,us,Service
paadaptorvalitor,nl,Service
paadaptorvisa,hk,Service
paadaptorvisa,nl,Service
paadaptorvisa,sg,Service
paadaptorwxpay,hk,Service
paadaptorwxpay,nl,Service
paadaptorwxpay,sg,Service
paairboardgraphql,hk,Service
paairboardgraphql,nl,Service
paairboardgraphql,sg,Service
paairboardgraphql,us,Service
paamexonboarding,hk,Service
paamexonboarding,nl,Service
paamexonboarding,sg,Service
pabulkjobrunner,hk,Service
pabulkjobrunner,nl,Service
pabulkjobrunner,sg,Service
pabulkjobrunner,us,Service
pacard3ds,hk,Service
pacard3ds,nl,Service
pacard3ds,sg,Service
pacard3ds,us,Service
pacardauthorizationprocessor,hk,Service
pacardauthorizationprocessor,nl,Service
pacardauthorizationprocessor,sg,Service
pacardauthorizationprocessor,unknown,Service
pacardauthorizationprocessor,us,Service
pacardcostcalculation,hk,Service
pacardcostcalculation,nl,Service
pacardcostcalculation,sg,Service
pacardcostmanagement,hk,Service
pacardcostmanagement,nl,Service
pacardcostmanagement,sg,Service
pacheckoutui,hk,Service
pacheckoutui,nl,Service
pacheckoutui,sg,Service
pacheckoutuicanary,hk,Service
pacitpcigatewayairproap,unknown,Service
pacitpcigatewayairproeu,nl,Service
pacitpcigatewayairproeu,sg,Service
pacitpcigatewayairprous,unknown,Service
paclearingfileprocessoramex,hk,Service
paclearingfileprocessoramex,nl,Service
paclearingfileprocessoramex,sg,Service
paclearinghouse,hk,Service
paclearinghouse,nl,Service
paclearinghouse,sg,Service
paclearinghouse,us,Service
paclearingprocessorjcb,hk,Service
paclearingprocessorjcb,sg,Service
paclearingprocessorjpmorgan,us,Service
paconfigcenter,hk,Service
paconfigcenter,nl,Service
paconfigcenter,sg,Service
paconfigcenter,unknown,Service
paconfigcenter,us,Service
pacore,hk,Service
pacore,nl,Service
pacore,sg,Service
pacore,us,Service
pacustomsdeclaration,hk,Service
pacustomsdeclaration,nl,Service
pacustomsdeclaration,sg,Service
padataquery,hk,Service
padataquery,nl,Service
padataquery,sg,Service
padataquery,us,Service
padatasummary,hk,Service
padatasummary,nl,Service
padatasummary,sg,Service
padatasummary,us,Service
padispute,hk,Service
padispute,nl,Service
padispute,sg,Service
padispute,us,Service
paexecutorcard,hk,Service
paexecutorcard,nl,Service
paexecutorcard,sg,Service
paexecutorcard,unknown,Service
paexecutorcard,us,Service
paexecutorwallet,hk,Service
paexecutorwallet,nl,Service
paexecutorwallet,sg,Service
paexecutorwallet,us,Service
paexperimentconfigurationpersistence,hk,Service
paexperimentconfigurationpersistence,nl,Service
paexperimentconfigurationpersistence,sg,Service
paexperimentconfigurationpersistence,us,Service
paexperimentengine,hk,Service
paexperimentengine,nl,Service
paexperimentengine,sg,Service
paexperimentengine,us,Service
paexternalpanimporter,hk,Service
paexternalpanimporter,nl,Service
paexternalpanimporter,sg,Service
paexternalpanimporter,us,Service
paexternalsettlement,hk,Service
paexternalsettlement,nl,Service
paexternalsettlement,sg,Service
paexternalsettlement,us,Service
pafilealipay,hk,Service
pafilealipay,nl,Service
pafilealipay,sg,Service
pafilealipay,us,Service
pafilegatewayairwallexpay,hk,Service
pafilegatewayairwallexpay,nl,Service
pafilegatewayairwallexpay,sg,Service
pafilegatewayairwallexpay,us,Service
pafilegatewayatome,hk,Service
pafilegatewayatome,nl,Service
pafilegatewayatome,sg,Service
pafilegatewayatome,us,Service
pafilegatewaykcp,hk,Service
pafilegatewaykcp,nl,Service
pafilegatewaykcp,sg,Service
pafilegatewaykcp,us,Service
pafilegatewayklarna,hk,Service
pafilegatewayklarna,nl,Service
pafilegatewayklarna,sg,Service
pafilegatewayklarna,us,Service
pafilegatewaymolpay,hk,Service
pafilegatewaymolpay,nl,Service
pafilegatewaymolpay,sg,Service
pafilegatewaymolpay,us,Service
pafilegatewayppro,hk,Service
pafilegatewayppro,nl,Service
pafilegatewayppro,sg,Service
pafilegatewayppro,us,Service
pafilegatewaywxpay,hk,Service
pafilegatewaywxpay,nl,Service
pafilegatewaywxpay,sg,Service
pafileprocessorupi,hk,Service
pafileprocessorupi,nl,Service
pafileprocessorupi,sg,Service
pafinance,hk,Service
pafinance,nl,Service
pafinance,sg,Service
pafinance,us,Service
pafraudreportvisa,hk,Service
pafraudreportvisa,nl,Service
pafraudreportvisa,sg,Service
paftsproxy,nl,Service
pafundsplits,hk,Service
pafundsplits,nl,Service
pafundsplits,sg,Service
pafundsplits,us,Service
pafusionapp,hk,Service
pafusionapp,nl,Service
pafusionapp,sg,Service
pafusionapp,us,Service
pafx,hk,Service
pafx,nl,Service
pafx,sg,Service
pafx,us,Service
pagateway,hk,Service
pagateway,nl,Service
pagateway,sg,Service
pagateway,us,Service
pagetpaidgraphql,hk,Service
pagetpaidgraphql,sg,Service
pamailmastercard,sg,Service
pamccostengine,hk,Service
pamccostengine,nl,Service
pamccostengine,sg,Service
pamerchantcenter,hk,Service
pamerchantcenter,nl,Service
pamerchantcenter,sg,Service
pamerchantcenter,us,Service
pamerchantevent,hk,Service
pamerchantevent,nl,Service
pamerchantevent,sg,Service
pamerchantevent,us,Service
pamockvisa,hk,Service
pamockvisa,nl,Service
pamockvisa,sg,Service
paonboarding,hk,Service
paonboarding,nl,Service
paonboarding,sg,Service
paonboarding,us,Service
paonboardingjpmorgan,us,Service
paonboardingmastercard,hk,Service
paonboardingmastercard,nl,Service
paonboardingmastercard,sg,Service
papaymentcaptureprocessor,hk,Service
papaymentcaptureprocessor,nl,Service
papaymentcaptureprocessor,sg,Service
papaymentcaptureprocessor,us,Service
papaymentlink,hk,Service
papaymentlink,nl,Service
papaymentlink,sg,Service
papaymentlink,us,Service
papaymentmethods,hk,Service
papaymentmethods,sg,Service
papciadaptormastercard,hk,Service
papciadaptormastercard,nl,Service
papciadaptormastercard,sg,Service
papciadaptorvisa,hk,Service
papciadaptorvisa,nl,Service
papciadaptorvisa,sg,Service
papcidisputemastercard,hk,Service
papcidisputemastercard,nl,Service
papcidisputemastercard,sg,Service
papcidisputevisa,hk,Service
papcidisputevisa,nl,Service
papcidisputevisa,sg,Service
papciexternalpanprocessor,hk,Service
papciexternalpanprocessor,nl,Service
papciexternalpanprocessor,sg,Service
papciexternalpanprocessor,us,Service
papcifilegatewaycard,hk,Service
papcifilegatewaycard,nl,Service
papcifilegatewaycard,sg,Service
papcifilegatewaycard,us,Service
papcifilegatewaymastercard,hk,Service
papcifilegatewaymastercard,nl,Service
papcifilegatewaymastercard,sg,Service
papciiso8583proxyupiau,hk,Service
papciiso8583proxyupiau,sg,Service
papciiso8583proxyupihk,hk,Service
papciiso8583proxyupihk,sg,Service
papciiso8583proxyupinl,nl,Service
papciiso8583proxyupisg,hk,Service
papciiso8583proxyupisg,sg,Service
papciiso8583proxyupiuk,nl,Service
papcitokenservicedigitalwallet,hk,Service
papcitokenservicedigitalwallet,nl,Service
papcitokenservicedigitalwallet,sg,Service
papcitokenservicedigitalwallet,unknown,Service
papcitokenservicedigitalwallet,us,Service
papcitransactionprocessorjcb,hk,Service
papcitransactionprocessorjcb,sg,Service
papcitransactionprocessorjpmorgan,unknown,Service
papcitransactionprocessorjpmorgan,us,Service
papcitransactionprocessorvalitor,nl,Service
papcitransactionprocessorvisa,hk,Service
papcitransactionprocessorvisa,nl,Service
papcitransactionprocessorvisa,sg,Service
papcitxnprocessoramex,hk,Service
papcitxnprocessoramex,nl,Service
papcitxnprocessoramex,sg,Service
papcitxnprocessorupi,hk,Service
papcitxnprocessorupi,nl,Service
papcitxnprocessorupi,sg,Service
papluginlogs,hk,Service
paprechargebackonboarding,hk,Service
paprechargebackonboarding,nl,Service
paprechargebackonboarding,sg,Service
paprechargebackonboarding,us,Service
pareconciliation,hk,Service
pareconciliation,nl,Service
pareconciliation,sg,Service
pareconciliation,us,Service
paredirect,hk,Service
paredirect,nl,Service
paredirect,sg,Service
paredirect,us,Service
pareferencefileprocessoramex,hk,Service
pareferencefileprocessoramex,nl,Service
pareferencefileprocessoramex,sg,Service
pareferencefileprocessorjcb,hk,Service
pareferencefileprocessorjcb,sg,Service
pareferencefileprocessormastercard,hk,Service
pareferencefileprocessormastercard,nl,Service
pareferencefileprocessormastercard,sg,Service
pareferencefileprocessorvisa,hk,Service
pareferencefileprocessorvisa,nl,Service
pareferencefileprocessorvisa,sg,Service
pareportgeneration,unknown,Service
paroutingengine,hk,Service
paroutingengine,nl,Service
paroutingengine,sg,Service
paroutingengine,us,Service
paschedule,hk,Service
paschedule,nl,Service
paschedule,sg,Service
paschedule,us,Service
paschedulerupi,hk,Service
paschedulerupi,nl,Service
paschedulerupi,sg,Service
paselfonboarding,hk,Service
paselfonboarding,nl,Service
paselfonboarding,sg,Service
patokeninterceptor,hk,Service
patokeninterceptor,nl,Service
patokeninterceptor,sg,Service
patokeninterceptor,us,Service
patokenservice,hk,Service
patokenservice,nl,Service
patokenservice,sg,Service
patokenservice,unknown,Service
patokenservice,us,Service
patspgateway,hk,Service
patspgateway,nl,Service
patspgateway,sg,Service
patspgateway,us,Service
patspnotificationhook,hk,Service
patsponboardgateway,hk,Service
patsponboardgateway,nl,Service
patsponboardgateway,sg,Service
patsponboardgateway,us,Service
patsprequestormanagement,hk,Service
patsprequestormanagement,nl,Service
patsprequestormanagement,sg,Service
patsprequestormanagement,us,Service
pavisacostengine,hk,Service
pavisacostengine,nl,Service
pavisacostengine,sg,Service
pavisaetl,hk,Service
pavisaetl,nl,Service
pavisaetl,sg,Service
pawalletverification,hk,Service
pawalletverification,nl,Service
pawalletverification,sg,Service
pawalletverification,us,Service
pawebappgraphql,hk,Service
pawebappgraphql,nl,Service
pawebappgraphql,sg,Service
pawebhookairwallexpay,hk,Service
pawebhookairwallexpay,nl,Service
pawebhookairwallexpay,sg,Service
pawebhookairwallexpay,us,Service
pawebhookalipay,hk,Service
pawebhookalipay,nl,Service
pawebhookalipay,sg,Service
pawebhookalipay,us,Service
pawebhookatome,hk,Service
pawebhookatome,nl,Service
pawebhookatome,sg,Service
pawebhookatome,us,Service
pawebhookdirectdebit,hk,Service
pawebhookdirectdebit,nl,Service
pawebhookdirectdebit,sg,Service
pawebhookdirectdebit,us,Service
pawebhookfps,hk,Service
pawebhookfps,nl,Service
pawebhookfps,sg,Service
pawebhookfps,us,Service
pawebhookkcp,hk,Service
pawebhookkcp,nl,Service
pawebhookkcp,sg,Service
pawebhookkcp,us,Service
pawebhookklarna,hk,Service
pawebhookklarna,nl,Service
pawebhookklarna,sg,Service
pawebhookklarna,us,Service
pawebhookmolpay,hk,Service
pawebhookmolpay,nl,Service
pawebhookmolpay,sg,Service
pawebhookmolpay,us,Service
pawebhookppro,hk,Service
pawebhookppro,nl,Service
pawebhookppro,sg,Service
pawebhookppro,us,Service
pawebhookwxpay,hk,Service
pawebhookwxpay,nl,Service
pawebhookwxpay,sg,Service
paymentsysteminfo,hk,Service
paymentsysteminfo,sg,Service
payoutgraphql,hk,Service
payoutgraphql,sg,Service
payoutorder,hk,Service
payoutorder,sg,Service
platform-backend-trunkflow-test-service,hk,Service
platform-backend-trunkflow-test-service,sg,Service
platform-tooling-service,hk,Service
platform-tooling-service,sg,Service
platform-tooling-service,unknown,Service
position-adjustment-generator,unknown,Service
position-adjustment-scheduler,unknown,Service
position-reconciliation-service,unknown,Service
postgresql:accounting,hk,DB
postgresql:accounting,sg,DB
postgresql:airboard_ng_api,alihk,DB
postgresql:airboard_ng_api,sg,DB
postgresql:airboardngauth,sg,DB
postgresql:airboardngworkflowservice,hk,DB
postgresql:airwallexpayclearing,sg,DB
postgresql:airwallexpayservice,hk,DB
postgresql:airwallexpayservice,sg,DB
postgresql:amazonpaymentproviderservice,hk,DB
postgresql:amazonpsppenrollment,hk,DB
postgresql:amazonpsppenrollment,sg,DB
postgresql:appbankaccountverificationservice,hk,DB
postgresql:appbankaccountverificationservice,sg,DB
postgresql:appcreditvalidationservice,hk,DB
postgresql:appdirectdebitservice,hk,DB
postgresql:appdirectdebitservice,sg,DB
postgresql:appinternaltreasury,sg,DB
postgresql:appliquidityforecast,sg,DB
postgresql:appmhtreasuryservice,hk,DB
postgresql:appmhtreasuryservice,sg,DB
postgresql:appvalidationservice,sg,DB
postgresql:authapi,hk,DB
postgresql:authapi,sg,DB
postgresql:authorisation,alihk,DB
postgresql:authorisation,hk,DB
postgresql:authorisation,nl,DB
postgresql:authorisation,sg,DB
postgresql:authorisation,us,DB
postgresql:awx_scale,sg,DB
postgresql:balancenotification,hk,DB
postgresql:balancenotification,sg,DB
postgresql:bankaccountvalidationservice,hk,DB
postgresql:bankfeedsintegration,hk,DB
postgresql:batchpayments,hk,DB
postgresql:batchpayments,sg,DB
postgresql:billing,hk,DB
postgresql:billing,sg,DB
postgresql:billing_config,hk,DB
postgresql:billing_config,sg,DB
postgresql:billpay,hk,DB
postgresql:billpay,sg,DB
postgresql:campaignservice,hk,DB
postgresql:campaignservice,sg,DB
postgresql:categorization,hk,DB
postgresql:categorization,sg,DB
postgresql:chinapay,hk,DB
postgresql:client_ledger,hk,DB
postgresql:client_ledger,sg,DB
postgresql:client_ledger,unknown,DB
postgresql:client_wallet_v3,hk,DB
postgresql:client_wallet_v3,sg,DB
postgresql:clientbankaccountservice,hk,DB
postgresql:clientbankaccountservice,sg,DB
postgresql:compliance,alihk,DB
postgresql:compliance,nl,DB
postgresql:compliance,sg,DB
postgresql:compliance,us,DB
postgresql:conversions,hk,DB
postgresql:conversions,unknown,DB
postgresql:creditadvice,hk,DB
postgresql:creditadvice,sg,DB
postgresql:currencycloud,hk,DB
postgresql:customaccountingdata,hk,DB
postgresql:customaccountingdata,sg,DB
postgresql:depositservice,hk,DB
postgresql:depositservice,sg,DB
postgresql:draftprocessing,hk,DB
postgresql:draftprocessing,sg,DB
postgresql:ecommercedataservice,hk,DB
postgresql:ecosystemappservice,hk,DB
postgresql:enrollment,hk,DB
postgresql:enrollment,sg,DB
postgresql:entrepots,unknown,DB
postgresql:et_awx_ocs,hk,DB
postgresql:et_awx_ocs,sg,DB
postgresql:expenses,hk,DB
postgresql:expenses,sg,DB
postgresql:extraction,hk,DB
postgresql:extraction,sg,DB
postgresql:fee_engine,hk,DB
postgresql:fee_engine,sg,DB
postgresql:financialinfra,sg,DB
postgresql:financialtransaction,hk,DB
postgresql:financialtransaction,nl,DB
postgresql:financialtransaction,sg,DB
postgresql:fraudcase,hk,DB
postgresql:fraudcase,nl,DB
postgresql:fraudcase,sg,DB
postgresql:fraudcase,us,DB
postgresql:fraudmanagement,hk,DB
postgresql:fraudmanagement,nl,DB
postgresql:fraudmanagement,sg,DB
postgresql:fraudmanagement,us,DB
postgresql:fundingsourceservice,hk,DB
postgresql:fundingsourceservice,sg,DB
postgresql:fx_dashboard_api,hk,DB
postgresql:fx_dashboard_api,unknown,DB
postgresql:fxorders,hk,DB
postgresql:fxorders,unknown,DB
postgresql:fxsettlement,hk,DB
postgresql:fxsettlement,unknown,DB
postgresql:getpaidinvoice,hk,DB
postgresql:getpaidinvoice,nl,DB
postgresql:getpaidinvoice,sg,DB
postgresql:getpaidinvoice,us,DB
postgresql:getpaidinvoicepayment,hk,DB
postgresql:getpaidinvoicepayment,nl,DB
postgresql:getpaidinvoicepayment,sg,DB
postgresql:getpaidinvoicepayment,us,DB
postgresql:getpaidmerchantproduct,hk,DB
postgresql:getpaidmerchantproduct,nl,DB
postgresql:getpaidmerchantproduct,sg,DB
postgresql:getpaidmerchantproduct,us,DB
postgresql:getpaidsubscription,hk,DB
postgresql:getpaidsubscription,nl,DB
postgresql:getpaidsubscription,sg,DB
postgresql:getpaidsubscription,us,DB
postgresql:gtpnnotificationservice,hk,DB
postgresql:gtpnnotificationservice,sg,DB
postgresql:gtpntransferservice,hk,DB
postgresql:gtpntransferservice,sg,DB
postgresql:hubspotintegrationservice,hk,DB
postgresql:hubspotintegrationservice,sg,DB
postgresql:idverification,hk,DB
postgresql:inboundgateway,hk,DB
postgresql:inboundgateway,sg,DB
postgresql:individualkyc,hk,DB
postgresql:individualkyc,sg,DB
postgresql:industrycategoryservice,hk,DB
postgresql:industrycategoryservice,sg,DB
postgresql:integrationsauthmanagement,hk,DB
postgresql:integrationsauthmanagement,sg,DB
postgresql:iss-authorization-service,sg,DB
postgresql:iss-authorization-service,us,DB
postgresql:iss-dtoken-service,sg,DB
postgresql:iss-dtoken-service,us,DB
postgresql:iss-pci-authorization-service,sg,DB
postgresql:iss-pci-authorization-service,us,DB
postgresql:iss-reconciliation-service,us,DB
postgresql:iss-remote-auth-service,sg,DB
postgresql:iss-remote-auth-service,us,DB
postgresql:iss-transaction-views-service,sg,DB
postgresql:iss-transaction-views-service,us,DB
postgresql:iss3dsservice,sg,DB
postgresql:iss3dsservice,us,DB
postgresql:isscardholderservice,sg,DB
postgresql:isscardholderservice,us,DB
postgresql:isscardservice,sg,DB
postgresql:isscardservice,us,DB
postgresql:isspcicardmgt,sg,DB
postgresql:isspcicardservice,sg,DB
postgresql:isspcicardservice,us,DB
postgresql:isspcitokenmapperservice,sg,DB
postgresql:isspcitokenmapperservice,us,DB
postgresql:issreissueservice,sg,DB
postgresql:issreissueservice,us,DB
postgresql:issremotecallgateway,us,DB
postgresql:issriskengine,sg,DB
postgresql:issriskengine,us,DB
postgresql:isstransactionviewsservice,sg,DB
postgresql:isstransactionviewsservice,us,DB
postgresql:issvauservice,us,DB
postgresql:lendingservice,hk,DB
postgresql:lendingservice,sg,DB
postgresql:lhv,hk,DB
postgresql:loanservice,hk,DB
postgresql:loanservice,sg,DB
postgresql:midas,hk,DB
postgresql:midas,sg,DB
postgresql:mlmetricplatform,hk,DB
postgresql:mlmetricplatform,nl,DB
postgresql:mlmetricplatform,sg,DB
postgresql:mlmetricplatform,us,DB
postgresql:moneyhouseservice,hk,DB
postgresql:moneyhouseservice,sg,DB
postgresql:moneyhouseservice,unknown,DB
postgresql:netsuiteauth,hk,DB
postgresql:oauthservice,hk,DB
postgresql:oauthservice,sg,DB
postgresql:onboardingservice,hk,DB
postgresql:onboardingservice,sg,DB
postgresql:onlinepaymentfeedsservice,hk,DB
postgresql:orderaggregation,hk,DB
postgresql:orderaggregation,sg,DB
postgresql:pa_adaptor,hk,DB
postgresql:pa_adaptor,nl,DB
postgresql:pa_adaptor,sg,DB
postgresql:pa_adaptor_alipay,hk,DB
postgresql:pa_adaptor_alipay,nl,DB
postgresql:pa_adaptor_alipay,sg,DB
postgresql:pa_adaptor_alipay,us,DB
postgresql:pa_adaptor_mastercard,hk,DB
postgresql:pa_adaptor_mastercard,nl,DB
postgresql:pa_adaptor_mastercard,sg,DB
postgresql:pa_adaptor_valitor,nl,DB
postgresql:pa_adaptor_visa,hk,DB
postgresql:pa_adaptor_visa,nl,DB
postgresql:pa_adaptor_visa,sg,DB
postgresql:pa_core,hk,DB
postgresql:pa_core,nl,DB
postgresql:pa_core,sg,DB
postgresql:pa_core,us,DB
postgresql:pa_customs_declaration,hk,DB
postgresql:pa_customs_declaration,nl,DB
postgresql:pa_customs_declaration,sg,DB
postgresql:pa_dispute,hk,DB
postgresql:pa_dispute,nl,DB
postgresql:pa_dispute,sg,DB
postgresql:pa_dispute,us,DB
postgresql:pa_event,hk,DB
postgresql:pa_event,nl,DB
postgresql:pa_event,sg,DB
postgresql:pa_event,us,DB
postgresql:pa_executor,hk,DB
postgresql:pa_executor,nl,DB
postgresql:pa_executor,sg,DB
postgresql:pa_executor,us,DB
postgresql:pa_fusion,hk,DB
postgresql:pa_fusion,nl,DB
postgresql:pa_fusion,sg,DB
postgresql:pa_fusion,us,DB
postgresql:pa_pci_account_range,hk,DB
postgresql:pa_pci_account_range,nl,DB
postgresql:pa_pci_account_range,sg,DB
postgresql:pa_pci_account_range,us,DB
postgresql:pa_pci_adaptor_mastercard,hk,DB
postgresql:pa_pci_adaptor_mastercard,nl,DB
postgresql:pa_pci_adaptor_mastercard,sg,DB
postgresql:pa_pci_adaptor_valitor,nl,DB
postgresql:pa_pci_adaptor_visa,hk,DB
postgresql:pa_pci_adaptor_visa,nl,DB
postgresql:pa_pci_adaptor_visa,sg,DB
postgresql:pa_reconciliation,hk,DB
postgresql:pa_reconciliation,nl,DB
postgresql:pa_reconciliation,sg,DB
postgresql:pa_reconciliation,us,DB
postgresql:pa_schedule,hk,DB
postgresql:pa_schedule,nl,DB
postgresql:pa_schedule,sg,DB
postgresql:pa_schedule,us,DB
postgresql:pa_vault,hk,DB
postgresql:pa_vault,nl,DB
postgresql:pa_vault,sg,DB
postgresql:pa_vault,us,DB
postgresql:paadaptorairwallexpay,hk,DB
postgresql:paadaptorairwallexpay,nl,DB
postgresql:paadaptorairwallexpay,sg,DB
postgresql:paadaptorairwallexpay,us,DB
postgresql:paadaptorapplepay,hk,DB
postgresql:paadaptorapplepay,nl,DB
postgresql:paadaptorapplepay,sg,DB
postgresql:paadaptorapplepay,us,DB
postgresql:paadaptoratome,hk,DB
postgresql:paadaptoratome,nl,DB
postgresql:paadaptoratome,sg,DB
postgresql:paadaptoratome,us,DB
postgresql:paadaptordirectdebit,hk,DB
postgresql:paadaptordirectdebit,nl,DB
postgresql:paadaptordirectdebit,sg,DB
postgresql:paadaptordirectdebit,us,DB
postgresql:paadaptorfps,hk,DB
postgresql:paadaptorfps,nl,DB
postgresql:paadaptorfps,sg,DB
postgresql:paadaptorfps,us,DB
postgresql:paadaptorkcp,hk,DB
postgresql:paadaptorkcp,nl,DB
postgresql:paadaptorkcp,sg,DB
postgresql:paadaptorkcp,us,DB
postgresql:paadaptorklarna,hk,DB
postgresql:paadaptorklarna,nl,DB
postgresql:paadaptorklarna,sg,DB
postgresql:paadaptorklarna,us,DB
postgresql:paadaptormolpay,hk,DB
postgresql:paadaptormolpay,nl,DB
postgresql:paadaptormolpay,sg,DB
postgresql:paadaptormolpay,us,DB
postgresql:paadaptorppro,hk,DB
postgresql:paadaptorppro,nl,DB
postgresql:paadaptorppro,sg,DB
postgresql:paadaptorppro,us,DB
postgresql:paamexonboarding,hk,DB
postgresql:paamexonboarding,nl,DB
postgresql:paamexonboarding,sg,DB
postgresql:pabulkjobrunner,hk,DB
postgresql:pabulkjobrunner,nl,DB
postgresql:pabulkjobrunner,sg,DB
postgresql:pabulkjobrunner,us,DB
postgresql:pacard3ds,hk,DB
postgresql:pacard3ds,nl,DB
postgresql:pacard3ds,sg,DB
postgresql:pacard3ds,us,DB
postgresql:pacardcostcalculation,hk,DB
postgresql:pacardcostcalculation,nl,DB
postgresql:pacardcostcalculation,sg,DB
postgresql:pacardcostmanagement,hk,DB
postgresql:pacardcostmanagement,nl,DB
postgresql:pacardcostmanagement,sg,DB
postgresql:pacitpcigatewayairpro,nl,DB
postgresql:pacitpcigatewayairpro,sg,DB
postgresql:paclearingfileprocessoramex,hk,DB
postgresql:paclearingfileprocessoramex,nl,DB
postgresql:paclearingfileprocessoramex,sg,DB
postgresql:paclearinghouse,hk,DB
postgresql:paclearinghouse,nl,DB
postgresql:paclearinghouse,sg,DB
postgresql:paclearinghouse,us,DB
postgresql:paclearingprocessorjcb,hk,DB
postgresql:paclearingprocessorjcb,sg,DB
postgresql:paclearingprocessorjpmorgan,us,DB
postgresql:padatasummary,hk,DB
postgresql:padatasummary,nl,DB
postgresql:padatasummary,sg,DB
postgresql:padatasummary,us,DB
postgresql:paexperimentconfigurationpersistence,hk,DB
postgresql:paexperimentconfigurationpersistence,nl,DB
postgresql:paexperimentconfigurationpersistence,sg,DB
postgresql:paexperimentconfigurationpersistence,us,DB
postgresql:paexperimentengine,hk,DB
postgresql:paexperimentengine,nl,DB
postgresql:paexperimentengine,sg,DB
postgresql:paexperimentengine,us,DB
postgresql:paexternalpanimporter,hk,DB
postgresql:paexternalpanimporter,nl,DB
postgresql:paexternalpanimporter,sg,DB
postgresql:paexternalpanimporter,us,DB
postgresql:paexternalsettlement,hk,DB
postgresql:paexternalsettlement,nl,DB
postgresql:paexternalsettlement,sg,DB
postgresql:paexternalsettlement,us,DB
postgresql:pafileprocessorupi,hk,DB
postgresql:pafileprocessorupi,nl,DB
postgresql:pafileprocessorupi,sg,DB
postgresql:pafinance,hk,DB
postgresql:pafinance,nl,DB
postgresql:pafinance,sg,DB
postgresql:pafinance,us,DB
postgresql:pafraudreportvisa,hk,DB
postgresql:pafraudreportvisa,nl,DB
postgresql:pafraudreportvisa,sg,DB
postgresql:pafundsplits,hk,DB
postgresql:pafundsplits,nl,DB
postgresql:pafundsplits,sg,DB
postgresql:pafundsplits,us,DB
postgresql:pafx,hk,DB
postgresql:pafx,nl,DB
postgresql:pafx,sg,DB
postgresql:pafx,us,DB
postgresql:pamailmastercard,sg,DB
postgresql:pamccostengine,hk,DB
postgresql:pamccostengine,nl,DB
postgresql:pamccostengine,sg,DB
postgresql:pamerchantcenter,hk,DB
postgresql:pamerchantcenter,nl,DB
postgresql:pamerchantcenter,sg,DB
postgresql:pamerchantcenter,us,DB
postgresql:panopticon,hk,DB
postgresql:panopticon,sg,DB
postgresql:panopticonshadow,hk,DB
postgresql:panopticonshadow,sg,DB
postgresql:paonboarding,hk,DB
postgresql:paonboarding,nl,DB
postgresql:paonboarding,sg,DB
postgresql:paonboarding,us,DB
postgresql:paonboardingjpmorgan,us,DB
postgresql:paonboardingmastercard,hk,DB
postgresql:paonboardingmastercard,nl,DB
postgresql:paonboardingmastercard,sg,DB
postgresql:papaymentcaptureprocessor,hk,DB
postgresql:papaymentcaptureprocessor,nl,DB
postgresql:papaymentcaptureprocessor,sg,DB
postgresql:papaymentcaptureprocessor,us,DB
postgresql:papaymentlink,hk,DB
postgresql:papaymentlink,nl,DB
postgresql:papaymentlink,sg,DB
postgresql:papaymentlink,us,DB
postgresql:papcidisputemastercard,hk,DB
postgresql:papcidisputemastercard,nl,DB
postgresql:papcidisputemastercard,sg,DB
postgresql:papcidisputevisa,hk,DB
postgresql:papcidisputevisa,nl,DB
postgresql:papcidisputevisa,sg,DB
postgresql:papciexternalpanprocessor,hk,DB
postgresql:papciexternalpanprocessor,nl,DB
postgresql:papciexternalpanprocessor,sg,DB
postgresql:papciexternalpanprocessor,us,DB
postgresql:papcifilegatewaycard,hk,DB
postgresql:papcifilegatewaycard,nl,DB
postgresql:papcifilegatewaycard,sg,DB
postgresql:papcifilegatewaycard,us,DB
postgresql:papciiso8583proxyupi,hk,DB
postgresql:papciiso8583proxyupi,nl,DB
postgresql:papciiso8583proxyupi,sg,DB
postgresql:papcitokenservicedigitalwallet,hk,DB
postgresql:papcitokenservicedigitalwallet,nl,DB
postgresql:papcitokenservicedigitalwallet,sg,DB
postgresql:papcitokenservicedigitalwallet,us,DB
postgresql:papcitransactionprocessorjcb,hk,DB
postgresql:papcitransactionprocessorjcb,sg,DB
postgresql:papcitransactionprocessorjpmorgan,us,DB
postgresql:papcitspgateway,hk,DB
postgresql:papcitspgateway,nl,DB
postgresql:papcitspgateway,sg,DB
postgresql:papcitspgateway,us,DB
postgresql:papcitxnprocessoramex,hk,DB
postgresql:papcitxnprocessoramex,nl,DB
postgresql:papcitxnprocessoramex,sg,DB
postgresql:papcitxnprocessorupi,hk,DB
postgresql:papcitxnprocessorupi,nl,DB
postgresql:papcitxnprocessorupi,sg,DB
postgresql:paprechargebackonboarding,hk,DB
postgresql:paprechargebackonboarding,nl,DB
postgresql:paprechargebackonboarding,sg,DB
postgresql:paprechargebackonboarding,us,DB
postgresql:paredirect,hk,DB
postgresql:paredirect,nl,DB
postgresql:paredirect,sg,DB
postgresql:paredirect,us,DB
postgresql:pareferencefileprocessoramex,hk,DB
postgresql:pareferencefileprocessoramex,nl,DB
postgresql:pareferencefileprocessoramex,sg,DB
postgresql:pareferencefileprocessorjcb,hk,DB
postgresql:pareferencefileprocessorjcb,sg,DB
postgresql:pareferencefileprocessormastercard,hk,DB
postgresql:pareferencefileprocessormastercard,nl,DB
postgresql:pareferencefileprocessormastercard,sg,DB
postgresql:pareferencefileprocessorvisa,hk,DB
postgresql:pareferencefileprocessorvisa,nl,DB
postgresql:pareferencefileprocessorvisa,sg,DB
postgresql:paroutingengine,hk,DB
postgresql:paroutingengine,nl,DB
postgresql:paroutingengine,sg,DB
postgresql:paroutingengine,us,DB
postgresql:patsprequestormanagement,hk,DB
postgresql:patsprequestormanagement,nl,DB
postgresql:patsprequestormanagement,sg,DB
postgresql:patsprequestormanagement,us,DB
postgresql:pavisacostengine,hk,DB
postgresql:pavisacostengine,nl,DB
postgresql:pavisacostengine,sg,DB
postgresql:pavisaetl,hk,DB
postgresql:pavisaetl,nl,DB
postgresql:pavisaetl,sg,DB
postgresql:pawalletverification,hk,DB
postgresql:pawalletverification,nl,DB
postgresql:pawalletverification,sg,DB
postgresql:pawalletverification,us,DB
postgresql:paymentsysteminfo,hk,DB
postgresql:paymentsysteminfo,sg,DB
postgresql:payoutorder,hk,DB
postgresql:payoutorder,sg,DB
postgresql:pipeline_service,sg,DB
postgresql:platformtoolingservice,unknown,DB
postgresql:position_adjustments,unknown,DB
postgresql:positionadjustments,unknown,DB
postgresql:pricing,hk,DB
postgresql:pricing,unknown,DB
postgresql:pricing_engine,hk,DB
postgresql:pricing_engine,unknown,DB
postgresql:productcenter,hk,DB
postgresql:productcenter,sg,DB
postgresql:proteus,sg,DB
postgresql:psd2_tokenio_adaptor,nl,DB
postgresql:qbc,hk,DB
postgresql:railsanz,sg,DB
postgresql:railsanznz,hk,DB
postgresql:railsbarclays,hk,DB
postgresql:railschinapnrv2,hk,DB
postgresql:railsdcb,sg,DB
postgresql:railsdlocal,sg,DB
postgresql:railsevolve,hk,DB
postgresql:railsewb,hk,DB
postgresql:railsgatewayopscenter,sg,DB
postgresql:railsgatewayprocessors,sg,DB
postgresql:railsgocardless,sg,DB
postgresql:railsjpm,sg,DB
postgresql:railsmaybank,sg,DB
postgresql:railsmodulr,sg,DB
postgresql:railsmufg,hk,DB
postgresql:railspanasia,hk,DB
postgresql:railstransfast,hk,DB
postgresql:railsyesbank,sg,DB
postgresql:reconciliation,alihk,DB
postgresql:reconciliation,sg,DB
postgresql:reconciliationmirror,sg,DB
postgresql:reportconciergeservice,hk,DB
postgresql:reportconciergeservice,nl,DB
postgresql:reportconciergeservice,sg,DB
postgresql:revenue,unknown,DB
postgresql:rfiservice,hk,DB
postgresql:rfiservice,sg,DB
postgresql:riskdataservice,alihk,DB
postgresql:riskdataservice,nl,DB
postgresql:riskdataservice,sg,DB
postgresql:riskdecisionservice,hk,DB
postgresql:riskdecisionservice,nl,DB
postgresql:riskdecisionservice,sg,DB
postgresql:riskdecisionservice,us,DB
postgresql:riskkyb,hk,DB
postgresql:riskkyb,sg,DB
postgresql:risklistmanagement,hk,DB
postgresql:risklistmanagement,nl,DB
postgresql:risklistmanagement,sg,DB
postgresql:risknamescreening,hk,DB
postgresql:risknamescreening,sg,DB
postgresql:riskpostmonitoring,hk,DB
postgresql:riskpostmonitoring,sg,DB
postgresql:riskrulemanagementservice,hk,DB
postgresql:riskrulemanagementservice,nl,DB
postgresql:riskrulemanagementservice,sg,DB
postgresql:riskrulemanagementservice,us,DB
postgresql:risksignifydadaptor,hk,DB
postgresql:risksignifydadaptor,nl,DB
postgresql:risksignifydadaptor,sg,DB
postgresql:risksignifydadaptor,us,DB
postgresql:riskwebscan,hk,DB
postgresql:riskwebscan,sg,DB
postgresql:rules_engine,alihk,DB
postgresql:rules_engine,sg,DB
postgresql:scalenotification,hk,DB
postgresql:scalenotification,sg,DB
postgresql:scalereporting,hk,DB
postgresql:scalereporting,sg,DB
postgresql:scalescheduler,hk,DB
postgresql:scb,hk,DB
postgresql:spendaccountingdata,hk,DB
postgresql:spendaccountingdata,sg,DB
postgresql:spendnetsuitesync,hk,DB
postgresql:spendnetsuitesync,sg,DB
postgresql:spendquickbookssync,hk,DB
postgresql:spendquickbookssync,sg,DB
postgresql:spendxerosync,hk,DB
postgresql:syncs,hk,DB
postgresql:syncs,sg,DB
postgresql:taskbannerservice,hk,DB
postgresql:taskbannerservice,sg,DB
postgresql:tmlistmanagement,hk,DB
postgresql:tmlistmanagement,nl,DB
postgresql:tmlistmanagement,sg,DB
postgresql:tmlistmanagement,us,DB
postgresql:trade_events,unknown,DB
postgresql:tradeevents,unknown,DB
postgresql:validation,hk,DB
postgresql:validation,sg,DB
postgresql:vendorbusinessinformation,hk,DB
postgresql:vendorbusinessinformation,sg,DB
postgresql:wallet,hk,DB
postgresql:wallet,sg,DB
postgresql:xeroconfigsvc,hk,DB
postgresql:xeroconfigsvc,sg,DB
postgresql:xeropaymentservice,hk,DB
prod-app-fee-engine,sg,Service
prod-balance-monitor,sg,Service
prod-balance-notification,sg,Service
prod-client-wallet-events,sg,Service
prod-client-wallet-v2,sg,Service
prod-client-wallet-v3,sg,Service
prod-client-wallet-v3-event-service,sg,Service
prod-core-banking-api-gateway,sg,Service
prod-funding-source-service,sg,Service
prod-lending-service,sg,Service
prod-order-aggregation-service,sg,Service
prod-report-concierge-service,sg,Service
prod-sg-aggregator-v2,sg,Service
prod-sg-conversion-processor,sg,Service
prod-sg-dtcc-reporting-app,sg,Service
prod-sg-revenue-processor,sg,Service
prod-sg-wallet-event-listener,sg,Service
prod-subwallet-management-api,sg,Service
proxy-service,hk,Service
proxy-service,sg,Service
psd2-tokenio-adaptor,nl,Service
public-graphql-search,hk,Service
queryservice.QueryService,hk,Service
queryservice.QueryService,sg,Service
quickbooksonlinepaymentfeeds,hk,Service
quickbooksonlinepaymentfeeds,sg,Service
quote-trade-publisher,unknown,Service
rabbitmq,alihk,Service
rabbitmq,sg,Service
rabbitmq:event_global,alihk,Service
rabbitmq:event_global,sg,Service
rabbitmq:event_receiver,alihk,Service
rabbitmq:event_receiver,sg,Service
raildatamgntservice,hk,Service
raildatamgntservice,sg,Service
raildatamgntservice,unknown,Service
railsanz,sg,Service
railsanznz,hk,Service
railsapigateway,hk,Service
railsapigateway,sg,Service
railsapigateway,unknown,Service
railsbarclays,hk,Service
railscc,hk,Service
railschinapay,hk,Service
railschinapnrv2,hk,Service
railsdcb,sg,Service
railsdlocal,sg,Service
railsevolve,hk,Service
railsewb,hk,Service
railsgateway,hk,Service
railsgateway,sg,Service
railsgatewayconnectors,sg,Service
railsgatewayopscenter,sg,Service
railsgatewayprocessors,sg,Service
railsgocardless,sg,Service
railsjpm,sg,Service
railslhv,hk,Service
railsmaybank,sg,Service
railsmodulr,sg,Service
railsmufg,hk,Service
railspanasia,hk,Service
railsqbc,hk,Service
railsscb,hk,Service
railstransfast,hk,Service
railsyesbank,sg,Service
redis,_sf_other,DB
redis,hk,DB
redis,nl,DB
redis,sg,DB
redis,unknown,DB
redis,us,DB
ref-rates-feed,unknown,Service
ref-rates-feed-eu,unknown,Service
reportconciergeservice,nl,Service
rewardsgraphql,hk,Service
rewardsgraphql,sg,Service
rfi-service,hk,Service
rfi-service,sg,Service
rfi-webapp-service,hk,Service
rfi-webapp-service,sg,Service
risk-common-bff-service,hk,Service
risk-common-bff-service,sg,Service
risk-data-service,alihk,Service
risk-data-service,nl,Service
risk-data-service,sg,Service
risk-data-service,us,Service
risk-decision-service,hk,Service
risk-decision-service,nl,Service
risk-decision-service,sg,Service
risk-decision-service,unknown,Service
risk-decision-service,us,Service
risk-decision-service-flashsale,hk,Service
risk-decision-service-flashsale,unknown,Service
risk-decision-service-issuing,sg,Service
risk-decision-service-issuing,us,Service
risk-industry-category-service,hk,Service
risk-industry-category-service,sg,Service
risk-kyb-adaptor-service,hk,Service
risk-kyb-airboard-service,hk,Service
risk-kyb-service,hk,Service
risk-kyb-service,sg,Service
risk-name-screening-management,hk,Service
risk-name-screening-management,sg,Service
risk-name-screening-service,hk,Service
risk-name-screening-service,sg,Service
risk-online-data-service,hk,Service
risk-online-data-service,nl,Service
risk-online-data-service,sg,Service
risk-online-data-service,us,Service
risk-post-monitoring,hk,Service
risk-post-monitoring,sg,Service
risk-rule-management-service,hk,Service
risk-rule-management-service,nl,Service
risk-rule-management-service,sg,Service
risk-rule-management-service,us,Service
risk-signifyd-adaptor,hk,Service
risk-signifyd-adaptor,nl,Service
risk-signifyd-adaptor,sg,Service
risk-signifyd-adaptor,us,Service
risk-web-scanner,hk,Service
risk-web-scanner,sg,Service
riskreserve,hk,Service
riskreserve,nl,Service
riskreserve,sg,Service
rules-engine,alihk,Service
rulesengine,sg,Service
safeguarding-worker,hk,Service
safeguarding-worker,sg,Service
sanction-screening,hk,Service
scale-cdc-events-processor,hk,Service
scale-cdc-events-processor,sg,Service
scale-connect-service,hk,Service
scale-connect-service,sg,Service
scale-fee-service,hk,Service
scale-fee-service,sg,Service
scale-fund-transfer-api,hk,Service
scale-fund-transfer-api,sg,Service
scale-fund-transfer-scheduler,hk,Service
scale-fund-transfer-scheduler,sg,Service
scale-notification-service,hk,Service
scale-notification-service,sg,Service
scale-reporting-service,hk,Service
scale-reporting-service,sg,Service
scale-webapp-service,hk,Service
scalescheduler,hk,Service
scalescheduler,sg,Service
seaorderreportservice,hk,Service
search-service,hk,Service
search-service,sg,Service
settlement-scheduler,unknown,Service
sme-api-prod,hk,Service
sme-api-prod,sg,Service
sme-converter-prod,hk,Service
sme-converter-prod,sg,Service
sme-pricing-api-shim-prod,hk,Service
sme-pricing-api-shim-prod,sg,Service
sme-sync-service-api-prod,hk,Service
sme-sync-service-api-prod,sg,Service
spend-accounting-data-prod,hk,Service
spend-accounting-data-prod,sg,Service
spend-approvals-api-prod,hk,Service
spend-approvals-api-prod,sg,Service
spend-approvals-converter-prod,hk,Service
spend-approvals-converter-prod,sg,Service
spend-custom-accounting-data-prod,hk,Service
spend-custom-accounting-data-prod,sg,Service
spend-extraction-prod,hk,Service
spend-extraction-prod,sg,Service
spend-management-activation-converter-prod,hk,Service
spend-management-activation-converter-prod,sg,Service
spend-management-service-prod,hk,Service
spend-management-service-prod,sg,Service
spend-management-sync-service-prod,hk,Service
spend-management-sync-service-prod,sg,Service
spend-netsuite-sync-prod,hk,Service
spend-netsuite-sync-prod,sg,Service
spend-quickbooks-sync-prod,hk,Service
spend-quickbooks-sync-prod,sg,Service
spend-reporting-prod,hk,Service
spend-reporting-prod,sg,Service
spend-xero-sync-prod,hk,Service
spend-xero-sync-prod,sg,Service
sync-router-prod,hk,Service
sync-router-prod,sg,Service
task-banner-service,hk,Service
task-banner-service,sg,Service
temporal.api.workflowservice.v1.WorkflowService,alihk,Service
temporal.api.workflowservice.v1.WorkflowService,hk,Service
temporal.api.workflowservice.v1.WorkflowService,nl,Service
temporal.api.workflowservice.v1.WorkflowService,sg,Service
temporal.api.workflowservice.v1.WorkflowService,us,Service
testappkotlin,hk,Service
testappkotlin,nl,Service
testappkotlin,sg,Service
testappkotlin,us,Service
tm-decision-engine,alihk,Service
tm-decision-engine,sg,Service
tm-list-management,hk,Service
tm-list-management,nl,Service
tm-list-management,sg,Service
tm-list-management,us,Service
tm-name-screening-service,alihk,Service
tm-name-screening-service,sg,Service
tm-regular-report,alihk,Service
tm-transaction-processor,alihk,Service
tm-transaction-processor,nl,Service
tm-transaction-processor,sg,Service
tm-transaction-processor,us,Service
tm-transaction-processor-issuing,sg,Service
tm-transaction-processor-issuing,us,Service
trade-event-service,unknown,Service
uam-airboard,hk,Service
uam-airboard,sg,Service
uam-airboard,unknown,Service
uam-webapp,hk,Service
uam-webapp,sg,Service
upsellactionconverterservice,hk,Service
upsellactionconverterservice,sg,Service
upsellengine,unknown,Service
v1.EventService,alihk,Service
v1.EventService,hk,Service
v1.EventService,nl,Service
v1.EventService,sg,Service
v1.EventService,us,Service
validationservice,hk,Service
webapp-fraud-graphql,hk,Service
webapp-kyb-service,hk,Service
webapp-kyb-service,sg,Service
webapp-search,hk,Service
webapp-search,sg,Service
workflow-shared-service,hk,Service
workflow-shared-service,sg,Service
workflowengine-service,hk,Service
workflowengine-service,sg,Service
workflowengine-service,unknown,Service
workflowengine.execution.v1.WorkflowExecutionService,hk,Service
workflowengine.execution.v1.WorkflowExecutionService,sg,Service
workflowengine.management.workflowdef.v1.WorkflowDefService,hk,Service
workflowengine.management.workflowdef.v1.WorkflowDefService,sg,Service
xero-config-svc-prod,hk,Service
xero-config-svc-prod,sg,Service
xeroonlinepaymentfeeds,hk,Service
xeroonlinepaymentfeeds,sg,Service
xeropaymentservice,hk,Service
yugabytedb:audienceservice,hk,DB
yugabytedb:audienceservice,sg,DB
yugabytedb:awxconfigurationservice,hk,DB
yugabytedb:awxconfigurationservice,nl,DB
yugabytedb:awxconfigurationservice,sg,DB
yugabytedb:awxconfigurationservice,us,DB
yugabytedb:campaignserviceybdb,hk,DB
yugabytedb:campaignserviceybdb,sg,DB
yugabytedb:locationinfo,hk,DB
yugabytedb:locationinfo,nl,DB
yugabytedb:locationinfo,sg,DB
yugabytedb:locationinfo,us,DB
yugabytedb:scaleconnect,hk,DB
yugabytedb:scaleconnect,sg,DB
